neuron,region,frac,n_vox_in_region,n_vox_in_any_region
104198-F-000002,AL_L,0.9940,2471,2486
104198-F-000003,AL_R,0.9522,2512,2638
104198-F-000004,AL_L,0.9903,3157,3188
104198-F-000005,AL_R,0.9294,2765,2975
104198-F-000006,AL_L,0.9939,3577,3599
104198-F-000007,AL_L,0.9961,3613,3627
104198-F-000008,AL_L,0.9937,3472,3494
104198-F-000009,AL_L,0.9663,3243,3356
104198-F-000010,AL_R,0.9402,3696,3931
104198-F-000011,AL_L,0.9798,2911,2971
104198-F-000012,AL_R,0.9667,4415,4567
104198-F-000013,AL_R,0.9672,3009,3111
104198-F-000014,AL_L,0.9942,3104,3122
104198-F-000015,AL_L,0.9780,3156,3227
104198-F-100000,AL_R,0.9902,3221,3253
104198-F-100001,AL_L,0.9898,3867,3907
104198-F-100002,AL_R,0.9346,4031,4313
104198-F-100003,AL_L,0.9920,3344,3371
104198-F-100004,AL_R,0.9069,3576,3943
104198-F-100005,AL_L,0.9711,4340,4469
104198-F-100006,AL_R,0.9771,3415,3495
104198-F-100007,AL_L,0.9759,3645,3735
104198-F-100008,AL_R,0.9735,3855,3960
104198-F-100009,AL_L,0.9959,3412,3426
104198-F-100010,AL_R,0.8691,3361,3867
104198-F-100011,AL_R,0.9548,3910,4095
104198-F-100012,AL_R,0.9181,2983,3249
104198-F-100013,AL_R,0.9686,3393,3503
104198-F-100014,AL_R,0.9234,3895,4218
104198-F-100015,AL_R,0.9497,3513,3699
104198-F-100016,AL_L,0.9734,3549,3646
104198-F-100017,AL_R,0.9791,3278,3348
104198-F-100018,AL_L,0.9859,3277,3324
104198-F-100019,AL_L,0.9972,3961,3972
104198-F-100020,AL_R,0.9830,3639,3702
104198-F-100021,AL_L,0.9273,3240,3494
104198-F-100022,AL_L,0.9736,3461,3555
104198-F-100023,AL_R,0.8770,3715,4236
104198-F-100024,AL_R,0.8847,2463,2784
104198-F-100025,AL_R,0.8836,3257,3686
104198-F-100026,AL_R,0.9400,3821,4065
104198-F-100027,AL_R,0.9108,3604,3957
104198-F-100028,AL_R,0.9420,3916,4157
104198-F-100029,AL_R,0.9135,3898,4267
104198-F-100030,AL_L,0.9738,3609,3706
104198-F-100032,AL_R,0.9619,4189,4355
104198-F-100034,AL_R,0.9435,4860,5151
104198-F-100035,AL_L,0.9910,4062,4099
104198-F-200000,AL_R,0.9582,3023,3155
104198-F-200001,AL_R,0.9598,2981,3106
104198-F-200002,AL_L,0.9860,2331,2364
104198-F-200003,AL_L,0.9783,3251,3323
104198-F-200004,AL_R,0.8563,3312,3868
104198-F-200008,AL_L,0.9899,2657,2684
104198-F-300000,AL_R,0.9340,3380,3619
104198-F-300001,AL_L,0.9689,3552,3666
104198-F-300002,AL_L,0.9946,2952,2968
104198-F-300003,AL_L,0.9992,2438,2440
104198-F-300005,AL_R,0.9985,2599,2603
104198-F-300006,AL_L,0.9817,1180,1202
104198-F-300007,AL_L,0.9822,1493,1520
104198-F-300008,AL_R,0.9680,1602,1655
104198-F-300009,AL_R,0.9403,2270,2414
104198-F-300010,AL_R,0.9749,2603,2670
104198-F-300011,AL_R,0.9979,2807,2813
104198-F-300012,AL_L,0.9988,1654,1656
104198-F-300013,AL_L,0.9967,1516,1521
104198-F-300015,AL_L,0.9979,1440,1443
104198-F-300016,AL_L,0.9994,3085,3087
104198-F-300017,AL_L,0.9867,3647,3696
104198-F-300019,AL_R,0.8646,2394,2769
104198-F-300020,AL_L,0.9803,3229,3294
104198-F-300021,AL_L,0.9991,3392,3395
104198-F-300022,AL_L,0.9717,2537,2611
104198-F-300023,AL_R,0.8882,2598,2925
104198-F-300025,AL_R,0.9987,2239,2242
104198-F-300026,AL_L,0.9985,3290,3295
104198-F-300027,AL_R,0.9338,3300,3534
104198-F-300028,AL_L,0.9917,2970,2995
104198-F-300029,AL_L,0.9828,3593,3656
104198-F-300030,AL_R,0.9836,3056,3107
104198-F-300031,AL_L,0.9993,2878,2880
5-HT1B-F-400004,ME_R,1.0000,8,8
5-HT1B-F-500000,AL_L,0.9491,559,589
5-HT1B-F-500001,AL_R,0.9767,964,987
5-HT1B-F-500002,EB,0.8144,136,167
5-HT1B-F-500003,AL_R,0.8732,496,568
5-HT1B-F-500004,AL_R,0.8533,378,443
5-HT1B-F-500005,AL_R,0.8759,699,798
5-HT1B-F-500006,AL_L,0.9970,658,660
5-HT1B-F-500007,AL_R,0.9230,1402,1519
5-HT1B-F-500008,AL_R,0.8947,739,826
5-HT1B-F-500009,AL_R,0.8501,675,794
5-HT1B-F-500010,AL_L,0.9794,381,389
5-HT1B-F-500012,AL_R,0.8697,387,445
5-HT1B-F-500017,AL_R,0.9008,1335,1482
5-HT1B-F-500018,AL_L,0.8792,444,505
5-HT1B-F-500019,AL_L,0.9349,861,921
5-HT1B-F-500020,AL_R,0.9198,493,536
5-HT1B-F-500021,AL_L,0.9853,1337,1357
5-HT1B-M-100000,ME_L,1.0000,27,27
5-HT1B-M-100001,ME_L,1.0000,5,5
5-HT1B-M-100002,AVLP_L,1.0000,248,248
5-HT1B-M-100003,AVLP_R,0.8938,143,160
5-HT1B-M-200003,AVLP_R,0.8897,250,281
5-HT1B-M-300000,AL_R,0.9726,959,986
5-HT1B-M-300004,AL_L,0.9191,716,779
5-HT1B-M-400002,AL_L,0.9551,724,758
5-HT1B-M-400003,AL_R,0.9172,543,592
5-HT1B-M-400004,LOP_L,0.8897,500,562
5-HT1B-M-400005,AL_R,0.9639,961,997
5-HT1B-M-400007,AL_L,0.9269,672,725
5-HT1B-M-400008,AL_R,0.9221,698,757
5-HT1B-M-400009,AL_L,0.9276,487,525
5-HT1B-M-400010,AL_L,0.9662,916,948
5-HT1B-M-400015,AL_L,0.8796,409,465
5-HT1B-M-400017,AL_R,0.9306,871,936
5-HT1B-M-500000,EB,0.8678,105,121
5-HT1B-M-500001,AL_R,0.8139,293,360
5-HT1B-M-500002,AL_L,0.9349,876,937
5-HT1B-M-500006,AL_L,0.9734,1208,1241
5-HT1B-M-500008,AL_R,0.8860,373,421
5HT1A-F-000000,FB,0.8902,154,173
5HT1A-F-000001,FB,0.9006,145,161
5HT1A-F-000002,FB,0.8990,187,208
5HT1A-F-000003,FB,0.9803,199,203
5HT1A-F-000005,FB,0.9191,159,173
5HT1A-F-000007,FB,0.9096,161,177
5HT1A-F-000008,FB,0.8956,163,182
5HT1A-F-000009,FB,0.9500,171,180
5HT1A-F-100000,FB,0.9783,180,184
5HT1A-F-100001,FB,0.9341,170,182
5HT1A-F-100002,FB,0.8705,168,193
5HT1A-F-100003,FB,0.9171,166,181
5HT1A-F-100005,FB,0.8651,186,215
5HT1A-F-100006,FB,0.8729,158,181
5HT1A-F-100007,FB,0.9639,160,166
5HT1A-F-100009,FB,0.8956,163,182
5HT1A-F-100010,FB,0.9549,127,133
5HT1A-F-100011,LO_L,0.8605,290,337
5HT1A-F-100012,FB,0.8706,148,170
5HT1A-F-100013,FB,0.8729,103,118
5HT1A-F-100014,FB,0.8582,115,134
5HT1A-F-100015,FB,0.8910,139,156
5HT1A-F-100017,LO_L,0.8333,305,366
5HT1A-F-100019,FB,0.9693,158,163
5HT1A-F-100020,FB,0.9227,167,181
5HT1A-F-100021,FB,0.9545,168,176
5HT1A-F-100022,FB,0.8615,112,130
5HT1A-F-100024,FB,0.9116,134,147
5HT1A-F-100025,FB,0.8614,143,166
5HT1A-F-100026,SMP_L,0.8117,599,738
5HT1A-F-100027,FB,0.9378,196,209
5HT1A-F-100029,FB,0.9032,168,186
5HT1A-F-100030,FB,0.8986,248,276
5HT1A-F-100031,FB,0.9692,189,195
5HT1A-F-200000,FB,0.9189,170,185
5HT1A-F-200001,AVLP_L,0.9713,576,593
5HT1A-F-200002,FB,0.9817,214,218
5HT1A-F-200003,FB,0.8947,170,190
5HT1A-F-200004,FB,0.8854,170,192
5HT1A-F-200005,FB,0.9215,176,191
5HT1A-F-200006,FB,0.9487,185,195
5HT1A-F-200007,FB,0.8725,178,204
5HT1A-F-200008,FB,0.9052,105,116
5HT1A-F-200009,FB,0.9045,142,157
5HT1A-F-200010,FB,0.8964,173,193
5HT1A-F-200011,FB,0.9259,150,162
5HT1A-F-200012,FB,0.8916,181,203
5HT1A-F-200013,FB,0.8911,180,202
5HT1A-F-200017,FB,0.8930,167,187
5HT1A-F-200018,FB,0.9554,150,157
5HT1A-F-300000,FB,0.8717,197,226
5HT1A-F-300002,FB,0.9351,144,154
5HT1A-F-300004,FB,0.9381,197,210
5HT1A-F-300005,FB,0.8820,157,178
5HT1A-F-300007,FB,0.9071,166,183
5HT1A-F-300008,AL_R,0.9942,1199,1206
5HT1A-F-300009,FB,0.9072,215,237
5HT1A-F-300015,AL_L,0.9031,1798,1991
5HT1A-F-300020,FB,0.8271,110,133
5HT1A-F-300024,FB,0.9351,144,154
5HT1A-F-300027,AL_R,0.8442,260,308
5HT1A-F-300028,FB,0.9741,188,193
5HT1A-F-300030,LH_R,0.9369,208,222
5HT1A-F-300032,FB,0.8144,136,167
5HT1A-F-300033,FB,0.9447,188,199
5HT1A-F-300034,LH_R,0.9706,231,238
5HT1A-F-400001,FB,0.8784,130,148
5HT1A-F-400003,AL_L,0.8961,250,279
5HT1A-F-400004,FB,0.8543,170,199
5HT1A-F-400005,LO_R,0.8600,258,300
5HT1A-F-400006,LO_L,0.8455,186,220
5HT1A-F-400011,FB,0.9728,143,147
5HT1A-F-400012,FB,0.9375,150,160
5HT1A-F-400016,FB,0.8829,181,205
5HT1A-F-400017,FB,0.9739,149,153
5HT1A-F-400018,FB,0.9128,178,195
5HT1A-F-400019,FB,0.9691,188,194
5HT1A-F-400020,FB,0.9062,145,160
5HT1A-F-400022,FB,0.9396,171,182
5HT1A-F-400023,FB,0.9296,251,270
5HT1A-F-400027,FB,0.8896,137,154
5HT1A-F-400028,FB,0.9489,167,176
5HT1A-F-400031,FB,0.9225,119,129
5HT1A-F-400032,FB,0.9345,157,168
5HT1A-F-500000,LO_L,0.8452,213,252
5HT1A-F-500001,FB,0.8792,131,149
5HT1A-F-500005,FB,0.9375,105,112
5HT1A-F-500008,LO_R,0.8715,217,249
5HT1A-F-500009,FB,0.8814,104,118
5HT1A-F-500010,FB,0.8652,122,141
5HT1A-F-500011,FB,0.9206,174,189
5HT1A-F-500012,FB,0.9524,140,147
5HT1A-F-500013,FB,0.9064,155,171
5HT1A-F-600000,FB,0.9085,139,153
5HT1A-F-600001,FB,0.9128,136,149
5HT1A-F-600002,FB,0.8788,145,165
5HT1A-F-600003,FB,0.8356,122,146
5HT1A-F-700000,AVLP_L,0.8177,148,181
5HT1A-F-700001,FB,0.8462,154,182
5HT1A-F-700002,FB,0.9319,178,191
5HT1A-F-700005,AVLP_R,1.0000,115,115
5HT1A-F-700007,AVLP_R,1.0000,190,190
5HT1A-F-700008,FB,0.8864,117,132
5HT1A-F-700011,AVLP_R,1.0000,125,125
5HT1A-F-700012,AL_R,1.0000,206,206
5HT1A-F-700013,AVLP_L,1.0000,93,93
5HT1A-F-700014,AVLP_R,1.0000,139,139
5HT1A-F-700015,AVLP_L,1.0000,150,150
5HT1A-F-700016,AVLP_R,1.0000,144,144
5HT1A-F-700017,FB,0.9484,147,155
5HT1A-F-700018,FB,0.8819,127,144
5HT1A-F-700019,FB,0.8938,143,160
5HT1A-F-700020,FB,0.9070,156,172
5HT1A-F-700021,FB,0.9202,150,163
5HT1A-F-700023,FB,0.9494,150,158
5HT1A-F-800001,FB,0.8987,142,158
5HT1A-F-800003,FB,0.8581,127,148
5HT1A-F-800004,AVLP_R,1.0000,159,159
5HT1A-F-800005,FB,0.9378,181,193
5HT1A-F-800010,FB,0.8382,145,173
5HT1A-F-800012,FB,0.8452,213,252
5HT1A-F-800017,FB,0.9518,158,166
5HT1A-F-800018,FB,0.8506,148,174
5HT1A-F-800020,AL_L,0.8556,160,187
5HT1A-F-800021,AVLP_R,1.0000,155,155
5HT1A-F-800023,AVLP_R,0.9631,313,325
5HT1A-F-800024,AL_L,0.8826,188,213
5HT1A-F-800025,LO_L,0.8465,193,228
5HT1A-F-800027,FB,0.9062,145,160
5HT1A-F-800028,AVLP_R,0.9572,358,374
5HT1A-F-800029,AVLP_L,1.0000,286,286
5HT1A-F-800032,AVLP_R,0.9790,326,333
5HT1A-F-900002,FB,0.9275,179,193
5HT1A-F-900003,FB,0.9565,176,184
5HT1A-F-900005,FB,0.9623,153,159
5HT1A-F-900006,FB,0.8308,108,130
5HT1A-F-900007,FB,0.8644,153,177
5HT1A-M-000000,FB,0.9682,213,220
5HT1A-M-000001,FB,0.8426,182,216
5HT1A-M-000002,FB,0.9600,168,175
5HT1A-M-000003,LO_L,0.8787,239,272
5HT1A-M-000004,FB,0.9114,144,158
5HT1A-M-000005,AL_R,0.8288,978,1180
5HT1A-M-000006,FB,0.9026,139,154
5HT1A-M-100000,FB,0.8273,91,110
5HT1A-M-100001,FB,0.9364,162,173
5HT1A-M-100002,FB,0.9527,161,169
5HT1A-M-100003,FB,0.9103,132,145
5HT1A-M-100004,FB,0.8733,131,150
5HT1A-M-100005,FB,0.8623,144,167
5HT1A-M-100006,AL_R,0.9268,266,287
5HT1A-M-100007,FB,0.9163,186,203
5HT1A-M-100008,FB,0.8765,149,170
5HT1A-M-100009,FB,0.9412,112,119
5HT1A-M-100010,LO_L,0.8035,139,173
5HT1A-M-100013,FB,0.9209,163,177
5HT1A-M-100016,FB,0.8655,148,171
5HT1A-M-100018,FB,0.8529,116,136
5HT1A-M-100019,FB,0.8507,171,201
5HT1A-M-100020,FB,0.9612,124,129
5HT1A-M-100021,GNG,0.8242,450,546
5HT1A-M-100022,FB,0.9064,155,171
5HT1A-M-100023,FB,0.8895,153,172
5HT1A-M-100025,FB,0.8385,135,161
5HT1A-M-100026,FB,0.9241,134,145
5HT1A-M-100030,AVLP_R,0.8638,222,257
5HT1A-M-100031,FB,0.9568,155,162
5HT1A-M-200000,FB,0.8066,146,181
5HT1A-M-200002,AVLP_R,1.0000,107,107
5HT1A-M-200004,FB,0.8889,176,198
5HT1A-M-200006,FB,0.8629,151,175
5HT1A-M-200007,FB,0.8162,151,185
5HT1A-M-200008,FB,0.8283,164,198
5HT1A-M-200010,ME_R,0.8772,1107,1262
5HT1A-M-200011,FB,0.9222,154,167
5HT1A-M-200012,FB,0.9213,199,216
5HT1A-M-200013,FB,0.8874,134,151
5HT1A-M-200014,FB,0.8590,195,227
5HT1A-M-200015,FB,0.8706,148,170
5HT1A-M-200016,FB,0.9448,137,145
5HT1A-M-200017,FB,0.9452,207,219
5HT1A-M-200019,FB,0.8721,150,172
5HT1A-M-200020,FB,0.8452,142,168
5HT1A-M-300000,FB,0.8962,190,212
5HT1A-M-300004,FB,0.8804,162,184
5HT1A-M-300005,FB,0.8919,231,259
5HT1A-M-300009,FB,0.9333,126,135
5HT1A-M-300010,FB,0.9623,153,159
5HT1A-M-300011,FB,0.8712,115,132
5HT1A-M-300013,FB,0.9415,193,205
5HT1A-M-300017,FB,0.8810,111,126
5HT1A-M-300019,AVLP_R,1.0000,164,164
5HT1A-M-300022,FB,0.8558,184,215
5HT1A-M-300026,AL_L,0.9328,1208,1295
5HT1A-M-300028,AL_L,0.9562,1114,1165
5HT1A-M-400000,FB,0.9489,167,176
5HT1A-M-400002,FB,0.9006,154,171
5HT1A-M-400003,FB,0.9490,149,157
5HT1A-M-400005,FB,0.8580,145,169
5HT1A-M-400007,FB,0.8416,186,221
5HT1A-M-400008,FB,0.8596,153,178
5HT1A-M-400009,AL_L,0.9462,1214,1283
5HT1A-M-400010,FB,0.8333,120,144
5HT1A-M-400011,FB,0.8490,163,192
5HT1A-M-400012,AL_R,0.8994,1306,1452
5HT1A-M-400014,FB,0.9337,155,166
5HT1A-M-400015,FB,0.9380,121,129
5HT1A-M-400017,FB,0.9595,166,173
5HT1A-M-400018,FB,0.8774,136,155
5HT1A-M-400019,FB,0.9254,124,134
5HT1A-M-400020,AL_L,0.9776,1092,1117
5HT1A-M-400023,FB,0.8983,159,177
5HT1A-M-400026,FB,0.9456,139,147
5HT1A-M-500000,FB,0.8876,158,178
5HT1A-M-500001,FB,0.8691,166,191
5HT1A-M-500004,FB,0.8737,173,198
5HT1A-M-500007,FB,0.8910,139,156
5HT1A-M-500010,FB,0.9237,109,118
5HT1A-M-500011,FB,0.8000,100,125
5HT1A-M-500013,FB,0.8757,162,185
5HT1A-M-500014,FB,0.9085,149,164
5HT1A-M-500016,AVLP_R,0.9787,138,141
5HT1A-M-500017,FB,0.8516,132,155
5HT1A-M-500018,FB,0.9613,149,155
5HT1A-M-600000,FB,0.8889,168,189
5HT1A-M-600001,AL_R,0.8439,146,173
5HT1A-M-600002,AVLP_L,1.0000,133,133
5HT1A-M-600007,FB,0.9111,164,180
5HT1A-M-600008,FB,0.9429,198,210
5HT1A-M-600010,FB,0.8047,136,169
5HT1A-M-600011,FB,0.9306,134,144
5HT1A-M-700002,FB,0.8855,147,166
5HT1A-M-700004,FB,0.8232,163,198
5HT1A-M-700005,FB,0.9596,190,198
5HT1A-M-700007,AVLP_L,1.0000,94,94
5HT1A-M-800000,FB,0.9615,150,156
5HT1A-M-800001,FB,0.9298,159,171
5HT1A-M-800002,AVLP_R,1.0000,104,104
5HT1A-M-800003,FB,0.8542,123,144
5HT1A-M-800004,AVLP_L,1.0000,101,101
5HT1A-M-800005,FB,0.9180,168,183
5HT1A-M-800006,FB,0.9444,170,180
5HT1A-M-800007,FB,0.8786,152,173
5HT1A-M-800010,AVLP_L,1.0000,74,74
5HT1A-M-800012,AL_R,0.8806,317,360
5HT1A-M-800014,AVLP_L,1.0000,122,122
5HT1A-M-800015,FB,0.9602,193,201
5HT1A-M-800016,FB,0.8987,213,237
5HT1A-M-800017,FB,0.8198,141,172
5HT1A-M-800020,FB,0.9054,134,148
5HT1A-M-800021,FB,0.8525,156,183
5HT1A-M-900000,AVLP_R,0.9021,212,235
5HT1A-M-900001,FB,0.8851,154,174
5HT1A-M-900002,AVLP_L,1.0000,127,127
5HT1A-M-900004,FB,0.9455,156,165
5HT1A-M-900005,FB,0.9294,158,170
Cha-F-000002,ME_R,1.0000,26,26
Cha-F-000041,ME_L,1.0000,84,84
Cha-F-000053,ME_R,0.8451,60,71
Cha-F-000056,ME_R,1.0000,32,32
Cha-F-000062,LO_R,0.8257,180,218
Cha-F-000065,ME_R,0.9077,59,65
Cha-F-000066,AVLP_L,0.9176,334,364
Cha-F-000067,ME_L,0.8140,70,86
Cha-F-000077,FB,0.9932,147,148
Cha-F-000078,PB,0.9586,162,169
Cha-F-000083,IPS_L,0.8971,157,175
Cha-F-000087,AVLP_L,0.9788,369,377
Cha-F-000088,AL_R,0.9012,584,648
Cha-F-000089,PB,0.9686,185,191
Cha-F-000090,GNG,0.9143,544,595
Cha-F-000096,FB,0.8302,44,53
Cha-F-000117,AL_L,0.9883,1356,1372
Cha-F-000144,AVLP_L,0.8874,544,613
Cha-F-000145,ME_L,1.0000,42,42
Cha-F-000146,ME_L,1.0000,445,445
Cha-F-000154,ME_R,0.8375,67,80
Cha-F-000161,ME_L,1.0000,33,33
Cha-F-000163,ME_L,0.8673,85,98
Cha-F-000166,ME_L,0.8250,99,120
Cha-F-000171,AVLP_L,1.0000,174,174
Cha-F-000178,LO_L,0.8500,17,20
Cha-F-000189,ME_R,1.0000,42,42
Cha-F-000196,LOP_R,1.0000,320,320
Cha-F-000199,ME_R,0.8301,127,153
Cha-F-000201,ME_L,0.9189,238,259
Cha-F-000246,ME_R,0.8362,148,177
Cha-F-000248,LO_R,0.8077,189,234
Cha-F-000259,LOP_R,1.0000,204,204
Cha-F-000260,GNG,1.0000,268,268
Cha-F-000262,ME_R,0.8661,97,112
Cha-F-000264,FB,0.8462,44,52
Cha-F-000265,ME_L,1.0000,5,5
Cha-F-000274,LOP_L,0.9804,250,255
Cha-F-000275,ME_L,1.0000,61,61
Cha-F-000283,LO_R,0.8550,171,200
Cha-F-000289,ME_L,0.8468,94,111
Cha-F-000291,LO_R,1.0000,245,245
Cha-F-000294,ME_R,0.8293,102,123
Cha-F-000295,SLP_L,0.8792,291,331
Cha-F-000296,LO_L,0.8915,493,553
Cha-F-000299,LO_L,0.8118,207,255
Cha-F-000304,LO_L,0.8383,446,532
Cha-F-000314,AVLP_L,0.9710,637,656
Cha-F-000315,ME_L,1.0000,177,177
Cha-F-000319,LO_R,1.0000,361,361
Cha-F-000328,ME_R,0.8158,31,38
Cha-F-000336,LO_R,0.8012,137,171
Cha-F-000341,ME_R,0.8750,98,112
Cha-F-000346,ME_R,0.8990,89,99
Cha-F-000352,ME_R,0.8542,82,96
Cha-F-000355,LO_L,1.0000,104,104
Cha-F-000359,GNG,1.0000,281,281
Cha-F-000370,ME_L,0.8152,150,184
Cha-F-000384,ME_R,0.8699,254,292
Cha-F-000411,LO_L,1.0000,244,244
Cha-F-000414,LO_L,0.8500,306,360
Cha-F-000417,LO_L,0.8043,370,460
Cha-F-000422,ME_L,0.9187,339,369
Cha-F-000427,LH_R,0.8069,418,518
Cha-F-000429,LO_R,0.8345,600,719
Cha-F-000430,LO_R,0.8301,254,306
Cha-F-000436,ME_R,1.0000,43,43
Cha-F-000440,LO_L,0.8118,414,510
Cha-F-000441,LO_R,0.9792,283,289
Cha-F-000448,ME_R,0.8047,103,128
Cha-F-000459,LO_L,0.9959,243,244
Cha-F-000468,PB,1.0000,236,236
Cha-F-000474,AL_L,0.9977,436,437
Cha-F-000477,LO_L,0.8911,270,303
Cha-F-000481,LH_R,0.8247,127,154
Cha-F-000485,LH_L,0.8091,284,351
Cha-F-000490,AVLP_R,0.8437,707,838
Cha-F-000492,AVLP_L,0.8810,311,353
Cha-F-000497,AVLP_R,0.9860,141,143
Cha-F-000511,ME_R,0.8400,21,25
Cha-F-000517,PB,0.9689,156,161
Cha-F-000521,FB,0.9184,135,147
Cha-F-000523,ME_L,0.8099,345,426
Cha-F-000524,LH_L,0.9126,334,366
Cha-F-000530,SMP_L,0.8327,433,520
Cha-F-000531,SLP_R,0.9075,422,465
Cha-F-000536,SMP_L,0.8298,117,141
Cha-F-100006,ME_R,0.9302,40,43
Cha-F-100014,ME_R,0.8370,190,227
Cha-F-100024,LO_R,0.8571,114,133
Cha-F-100031,LOP_R,1.0000,66,66
Cha-F-100037,AVLP_L,0.8842,84,95
Cha-F-100077,SLP_R,0.8791,269,306
Cha-F-100086,GNG,1.0000,128,128
Cha-F-100087,LO_L,0.8143,171,210
Cha-F-100094,PVLP_R,0.8139,188,231
Cha-F-100099,FB,0.9298,212,228
Cha-F-100104,FB,0.8811,163,185
Cha-F-100109,AVLP_R,0.8380,507,605
Cha-F-100116,GNG,1.0000,246,246
Cha-F-100128,ME_R,1.0000,218,218
Cha-F-100131,LO_L,0.8517,247,290
Cha-F-100132,ME_R,0.8413,175,208
Cha-F-100136,ME_L,0.8229,79,96
Cha-F-100152,AL_R,0.8924,854,957
Cha-F-100157,ME_R,0.8728,151,173
Cha-F-100166,ME_R,0.8507,114,134
Cha-F-100171,LO_R,0.8785,159,181
Cha-F-100172,LO_R,0.8725,178,204
Cha-F-100173,ME_R,1.0000,28,28
Cha-F-100183,ME_R,0.8430,204,242
Cha-F-100186,ME_R,0.8363,143,171
Cha-F-100190,ME_R,0.8571,72,84
Cha-F-100193,GNG,0.9312,907,974
Cha-F-100203,ME_L,0.8876,79,89
Cha-F-100207,ME_L,0.8917,321,360
Cha-F-100208,ME_L,1.0000,357,357
Cha-F-100221,LH_R,0.9970,333,334
Cha-F-100228,ME_L,1.0000,349,349
Cha-F-100234,LO_L,1.0000,134,134
Cha-F-100245,SMP_R,0.8181,985,1204
Cha-F-100248,GNG,1.0000,348,348
Cha-F-100255,LOP_L,1.0000,154,154
Cha-F-100267,LO_R,0.8729,206,236
Cha-F-100269,GNG,0.9633,735,763
Cha-F-100275,LO_R,0.8736,1438,1646
Cha-F-100279,ME_L,0.9910,220,222
Cha-F-100282,ME_L,0.8158,62,76
Cha-F-100292,ME_R,0.9880,164,166
Cha-F-100293,ME_R,0.9032,56,62
Cha-F-100299,ME_L,1.0000,209,209
Cha-F-100304,ME_R,0.9437,134,142
Cha-F-100309,ME_L,0.8688,2489,2865
Cha-F-100310,ME_L,0.8069,117,145
Cha-F-100317,ME_R,0.8825,503,570
Cha-F-100336,LO_R,0.9141,543,594
Cha-F-100346,LO_L,1.0000,173,173
Cha-F-100349,FB,0.8375,134,160
Cha-F-100350,LO_L,0.9965,283,284
Cha-F-100351,LO_L,0.8069,188,233
Cha-F-100352,ME_R,0.8128,152,187
Cha-F-100355,LO_L,0.9921,126,127
Cha-F-100357,SLP_R,0.8434,700,830
Cha-F-100367,ME_R,1.0000,699,699
Cha-F-100368,ME_L,0.9276,666,718
Cha-F-100372,SLP_R,0.8256,374,453
Cha-F-100376,ME_L,0.8293,170,205
Cha-F-100379,ME_R,0.9860,913,926
Cha-F-100385,AL_L,0.9302,1638,1761
Cha-F-100388,AVLP_R,0.9497,434,457
Cha-F-100389,ME_R,0.9667,494,511
Cha-F-100394,LH_R,0.8315,385,463
Cha-F-100404,ME_R,0.9969,323,324
Cha-F-100412,LH_R,0.9492,224,236
Cha-F-100415,PB,1.0000,282,282
Cha-F-100417,AVLP_L,0.9903,204,206
Cha-F-100418,AVLP_R,0.9661,228,236
Cha-F-100420,AVLP_L,0.8810,222,252
Cha-F-100422,LO_L,0.9341,255,273
Cha-F-100427,SLP_R,0.8708,391,449
Cha-F-100430,AVLP_R,0.9137,233,255
Cha-F-100431,ME_R,1.0000,208,208
Cha-F-100434,LO_R,0.8113,172,212
Cha-F-100438,LO_R,0.8232,270,328
Cha-F-100448,AVLP_L,0.9435,585,620
Cha-F-100450,GNG,0.9446,785,831
Cha-F-100454,LOP_L,1.0000,38,38
Cha-F-100456,LH_R,0.9274,294,317
Cha-F-100459,AVLP_L,1.0000,108,108
Cha-F-100461,LO_R,1.0000,335,335
Cha-F-200008,ME_R,0.8649,32,37
Cha-F-200010,ME_R,0.8230,172,209
Cha-F-200011,ME_R,1.0000,98,98
Cha-F-200033,ME_L,1.0000,19,19
Cha-F-200045,FB,0.9529,162,170
Cha-F-200057,GNG,0.8967,217,242
Cha-F-200058,AL_R,0.9931,288,290
Cha-F-200065,ME_R,0.8462,33,39
Cha-F-200075,AVLP_L,0.8721,341,391
Cha-F-200092,AL_R,0.9288,1382,1488
Cha-F-200097,LOP_R,0.8353,695,832
Cha-F-200106,AVLP_R,0.9810,103,105
Cha-F-200114,SMP_R,0.8663,149,172
Cha-F-200118,FB,0.8636,95,110
Cha-F-200125,PB,0.9355,29,31
Cha-F-200130,PB,1.0000,128,128
Cha-F-200139,GNG,0.8684,165,190
Cha-F-200142,GNG,0.9059,366,404
Cha-F-200148,PB,0.9505,173,182
Cha-F-200152,ME_L,0.8313,138,166
Cha-F-200153,ME_L,0.8542,41,48
Cha-F-200165,PB,0.9590,234,244
Cha-F-200173,IPS_L,0.8246,188,228
Cha-F-200174,AVLP_L,0.8434,210,249
Cha-F-200178,AVLP_L,0.9815,106,108
Cha-F-200186,LH_L,0.8237,229,278
Cha-F-200193,GNG,0.8124,524,645
Cha-F-200203,LO_R,0.8043,111,138
Cha-F-200212,ME_L,0.8028,57,71
Cha-F-200218,LO_R,0.8485,28,33
Cha-F-200225,GNG,0.9008,354,393
Cha-F-200227,ME_R,0.8776,215,245
Cha-F-200236,ME_R,1.0000,27,27
Cha-F-200238,ME_L,0.8539,187,219
Cha-F-200243,ME_R,1.0000,18,18
Cha-F-200260,LO_L,0.9714,34,35
Cha-F-200272,ME_R,0.9529,1315,1380
Cha-F-200274,ME_L,1.0000,444,444
Cha-F-200278,ME_R,0.8301,127,153
Cha-F-200281,ME_R,0.8304,93,112
Cha-F-200285,ME_L,0.8705,289,332
Cha-F-200296,ME_R,0.8857,403,455
Cha-F-200303,ME_R,0.8122,186,229
Cha-F-200305,ME_L,0.8654,90,104
Cha-F-200311,ME_R,0.8136,227,279
Cha-F-200312,ME_L,0.8235,70,85
Cha-F-200316,LO_R,0.8380,393,469
Cha-F-200317,ME_L,0.8188,235,287
Cha-F-200333,AVLP_L,0.8098,298,368
Cha-F-200335,ME_L,0.8605,74,86
Cha-F-200336,LO_R,0.8529,116,136
Cha-F-200341,AVLP_R,0.9606,341,355
Cha-F-200344,LOP_L,0.8448,98,116
Cha-F-200347,LO_R,0.8168,165,202
Cha-F-200348,ME_L,0.8581,127,148
Cha-F-200350,LO_L,0.8549,218,255
Cha-F-200354,ME_R,0.8119,177,218
Cha-F-200363,LOP_R,0.9938,320,322
Cha-F-200366,ME_L,0.8600,43,50
Cha-F-200374,ME_R,0.9942,170,171
Cha-F-200377,AVLP_L,0.9586,301,314
Cha-F-200384,LO_L,0.9615,25,26
Cha-F-200385,LH_L,0.9069,370,408
Cha-F-200390,SMP_L,0.8336,1032,1238
Cha-F-200393,PB,0.9706,33,34
Cha-F-200395,LOP_R,0.9968,625,627
Cha-F-200399,AL_L,0.8857,426,481
Cha-F-200406,ME_L,0.8090,72,89
Cha-F-200430,LO_R,0.8212,124,151
Cha-F-200434,LO_L,0.8136,240,295
Cha-F-200453,ME_R,0.9922,383,386
Cha-F-300034,ME_L,0.8161,71,87
Cha-F-300042,LO_L,0.8625,439,509
Cha-F-300047,ME_L,0.8000,20,25
Cha-F-300063,ME_L,0.8014,113,141
Cha-F-300078,ME_R,0.8788,116,132
Cha-F-300084,ME_L,1.0000,22,22
Cha-F-300086,ME_L,0.8571,48,56
Cha-F-300088,SMP_L,0.9379,151,161
Cha-F-300095,ME_R,1.0000,24,24
Cha-F-300097,LO_L,0.9130,21,23
Cha-F-300126,ME_R,0.8387,52,62
Cha-F-300130,AVLP_R,1.0000,151,151
Cha-F-300141,AVLP_R,0.9329,320,343
Cha-F-300142,LO_L,0.8607,173,201
Cha-F-300158,AL_R,1.0000,268,268
Cha-F-300163,IPS_L,0.8820,142,161
Cha-F-300166,LO_R,1.0000,26,26
Cha-F-300168,LH_R,0.8095,340,420
Cha-F-300175,ME_L,0.8611,31,36
Cha-F-300186,LH_R,0.9760,163,167
Cha-F-300189,AVLP_R,1.0000,158,158
Cha-F-300195,FB,0.8375,134,160
Cha-F-300196,PB,1.0000,148,148
Cha-F-300202,AVLP_L,0.9536,226,237
Cha-F-300205,AL_R,1.0000,262,262
Cha-F-300216,SMP_L,1.0000,422,422
Cha-F-300221,LH_L,0.8050,194,241
Cha-F-300222,ME_L,1.0000,174,174
Cha-F-300235,GNG,0.9349,804,860
Cha-F-300236,PB,0.9897,96,97
Cha-F-300242,SMP_R,0.9429,628,666
Cha-F-300257,LO_R,0.8738,263,301
Cha-F-300259,SMP_L,0.8411,360,428
Cha-F-300264,ME_L,0.9802,248,253
Cha-F-300265,ME_L,0.8148,198,243
Cha-F-300276,ME_L,0.8300,332,400
Cha-F-300279,LO_L,0.9615,25,26
Cha-F-300281,ME_R,0.8720,327,375
Cha-F-300284,ME_R,1.0000,73,73
Cha-F-300288,LO_R,1.0000,25,25
Cha-F-300304,AL_R,0.8897,1307,1469
Cha-F-300305,PB,1.0000,263,263
Cha-F-300306,LO_R,0.8992,214,238
Cha-F-300311,ME_L,0.8800,88,100
Cha-F-300314,LO_R,0.9565,22,23
Cha-F-300316,ME_R,0.8816,201,228
Cha-F-300318,ME_L,0.8250,66,80
Cha-F-300324,LO_R,0.8221,134,163
Cha-F-300329,ME_R,1.0000,349,349
Cha-F-300330,ME_L,0.9853,268,272
Cha-F-300335,ME_R,0.8817,149,169
Cha-F-300337,ME_R,0.8056,87,108
Cha-F-300355,LOP_L,1.0000,607,607
Cha-F-300361,AVLP_L,0.9448,342,362
Cha-F-300372,ME_L,1.0000,61,61
Cha-F-300376,AVLP_L,0.8051,347,431
Cha-F-300377,SMP_L,0.8250,429,520
Cha-F-300378,GNG,1.0000,411,411
Cha-F-300384,SLP_R,0.8346,429,514
Cha-F-300396,AVLP_L,0.8953,1231,1375
Cha-F-300400,LOP_L,0.8889,72,81
Cha-F-300402,LO_R,0.8507,245,288
Cha-F-300406,ME_R,1.0000,72,72
Cha-F-300407,ME_L,1.0000,416,416
Cha-F-300408,LO_L,0.8037,258,321
Cha-F-300416,GNG,0.9453,242,256
Cha-F-300419,AVLP_L,0.8971,619,690
Cha-F-300420,FB,0.9060,135,149
Cha-F-300431,LO_L,1.0000,227,227
Cha-F-300435,EB,0.8324,144,173
Cha-F-300437,ME_L,0.8714,210,241
Cha-F-300439,AVLP_L,0.8223,361,439
Cha-F-300446,ME_R,0.8000,32,40
Cha-F-300447,ME_L,0.9152,151,165
Cha-F-300448,LO_L,0.9778,308,315
Cha-F-300452,ME_R,0.8732,62,71
Cha-F-300454,SMP_R,0.9563,219,229
Cha-F-300457,AVLP_L,0.8061,557,691
Cha-F-400003,AVLP_L,0.8864,632,713
Cha-F-400007,LO_L,1.0000,103,103
Cha-F-400026,ME_R,1.0000,332,332
Cha-F-400031,PB,0.9911,222,224
Cha-F-400035,LO_R,0.9495,376,396
Cha-F-400038,AVLP_L,1.0000,149,149
Cha-F-400039,GNG,0.9591,445,464
Cha-F-400053,LOP_L,0.8213,193,235
Cha-F-400068,ME_L,1.0000,28,28
Cha-F-400076,ME_R,0.8037,172,214
Cha-F-400083,ME_L,1.0000,27,27
Cha-F-400086,ME_R,0.8364,46,55
Cha-F-400090,PB,0.8790,138,157
Cha-F-400092,AVLP_L,0.8609,130,151
Cha-F-400102,AVLP_L,0.8203,420,512
Cha-F-400125,AVLP_L,1.0000,212,212
Cha-F-400128,LOP_L,0.8312,64,77
Cha-F-400132,GNG,1.0000,173,173
Cha-F-400137,FB,0.8103,47,58
Cha-F-400146,GNG,1.0000,454,454
Cha-F-400152,SMP_L,0.9289,183,197
Cha-F-400155,LOP_L,1.0000,142,142
Cha-F-400163,LO_R,0.8354,137,164
Cha-F-400164,LO_L,0.9916,118,119
Cha-F-400165,LH_R,0.9086,179,197
Cha-F-400171,LO_L,0.8743,160,183
Cha-F-400179,LH_R,0.8662,343,396
Cha-F-400183,LO_L,1.0000,89,89
Cha-F-400186,GNG,0.9872,385,390
Cha-F-400195,ME_R,1.0000,31,31
Cha-F-400198,LO_L,0.8041,275,342
Cha-F-400207,LO_R,0.8252,255,309
Cha-F-400208,SMP_L,0.8373,489,584
Cha-F-400209,SMP_R,0.9824,446,454
Cha-F-400210,ME_R,0.8376,98,117
Cha-F-400214,ME_L,1.0000,277,277
Cha-F-400221,ME_R,0.9020,184,204
Cha-F-400230,LOP_L,0.8111,73,90
Cha-F-400234,ME_L,0.8043,74,92
Cha-F-400239,AVLP_R,1.0000,168,168
Cha-F-400244,ME_L,0.8166,138,169
Cha-F-400257,ME_L,0.8914,156,175
Cha-F-400259,ME_L,0.8526,162,190
Cha-F-400261,ME_L,0.9153,346,378
Cha-F-400263,PB,0.9595,213,222
Cha-F-400266,AVLP_L,1.0000,235,235
Cha-F-400270,AVLP_L,0.9710,570,587
Cha-F-400271,LO_R,0.8810,222,252
Cha-F-400275,LO_L,0.8195,168,205
Cha-F-400279,LO_L,0.9961,258,259
Cha-F-400283,AVLP_L,0.9725,212,218
Cha-F-400284,ME_L,0.9756,2196,2251
Cha-F-400299,AVLP_L,0.9833,235,239
Cha-F-400300,LOP_R,0.8477,167,197
Cha-F-400303,ME_R,0.9816,426,434
Cha-F-400308,ME_R,0.8365,174,208
Cha-F-400311,LO_R,1.0000,140,140
Cha-F-400314,LO_L,0.8127,243,299
Cha-F-400315,ME_L,0.8032,151,188
Cha-F-400316,AL_L,0.8904,975,1095
Cha-F-400320,ME_L,0.8604,228,265
Cha-F-400326,LO_R,0.8389,250,298
Cha-F-400329,ME_R,0.8738,353,404
Cha-F-400330,ME_R,1.0000,252,252
Cha-F-500002,AVLP_L,0.8700,87,100
Cha-F-500010,LO_R,0.8043,481,598
Cha-F-500011,LH_R,0.8517,178,209
Cha-F-500031,LO_L,0.9310,27,29
Cha-F-500032,LOP_L,0.8621,100,116
Cha-F-500036,ME_R,1.0000,34,34
Cha-F-500052,LOP_R,1.0000,182,182
Cha-F-500054,ME_R,1.0000,46,46
Cha-F-500066,LO_L,0.8325,174,209
Cha-F-500076,LO_R,1.0000,76,76
Cha-F-500091,ME_L,1.0000,15,15
Cha-F-500100,ME_R,0.9070,78,86
Cha-F-500107,LO_R,1.0000,168,168
Cha-F-500114,AVLP_L,1.0000,181,181
Cha-F-500119,GNG,0.9900,99,100
Cha-F-500125,PVLP_R,0.8600,172,200
Cha-F-500127,AVLP_R,0.9783,271,277
Cha-F-500131,LOP_R,0.9929,140,141
Cha-F-500147,AL_L,1.0000,368,368
Cha-F-500153,LO_L,0.8214,161,196
Cha-F-500161,LO_R,0.8714,454,521
Cha-F-500171,ME_R,1.0000,203,203
Cha-F-500174,ME_R,1.0000,129,129
Cha-F-500176,ME_L,0.9434,100,106
Cha-F-500177,ME_R,0.8421,32,38
Cha-F-500178,LO_L,1.0000,103,103
Cha-F-500185,ME_L,0.8141,127,156
Cha-F-500191,LO_R,1.0000,231,231
Cha-F-500193,ME_R,0.8131,87,107
Cha-F-500197,LO_R,1.0000,283,283
Cha-F-500199,AVLP_L,1.0000,194,194
Cha-F-500201,SLP_L,0.8322,377,453
Cha-F-500211,LO_L,0.8611,31,36
Cha-F-500212,ME_L,1.0000,279,279
Cha-F-500213,LO_R,1.0000,226,226
Cha-F-500214,ME_L,0.8039,82,102
Cha-F-500216,AVLP_R,0.9362,88,94
Cha-F-500233,ME_R,0.8446,212,251
Cha-F-500234,LH_R,0.9813,262,267
Cha-F-500247,ME_R,0.8871,55,62
Cha-F-500264,GNG,0.9389,630,671
Cha-F-500265,AVLP_R,0.9638,452,469
Cha-F-500272,SLP_R,0.8000,332,415
Cha-F-500275,ME_L,0.9449,120,127
Cha-F-500278,ME_R,1.0000,149,149
Cha-F-500282,LO_L,0.8115,211,260
Cha-F-500284,LO_L,0.8764,227,259
Cha-F-500302,ME_R,0.8350,167,200
Cha-F-500303,LH_L,0.8549,165,193
Cha-F-500305,LO_R,0.8288,184,222
Cha-F-500311,AL_L,0.9169,1059,1155
Cha-F-500315,ME_L,0.8111,73,90
Cha-F-500325,AVLP_L,0.9306,563,605
Cha-F-600026,LO_L,0.8128,165,203
Cha-F-600034,ME_L,0.8194,59,72
Cha-F-600048,ME_R,0.9784,226,231
Cha-F-600058,AVLP_L,0.9768,295,302
Cha-F-600063,PB,0.9832,176,179
Cha-F-600066,PB,0.9881,166,168
Cha-F-600067,LOP_L,0.8864,78,88
Cha-F-600071,AVLP_R,0.9891,272,275
Cha-F-600072,FB,0.9701,130,134
Cha-F-600074,ME_L,0.8322,238,286
Cha-F-600080,LO_L,1.0000,101,101
Cha-F-600081,LH_L,0.9412,208,221
Cha-F-600082,IPS_L,0.8509,137,161
Cha-F-600088,AL_L,0.8462,33,39
Cha-F-600105,SLP_R,0.8093,348,430
Cha-F-600106,ME_R,1.0000,105,105
Cha-F-600107,LO_L,0.8242,136,165
Cha-F-600108,AVLP_L,0.9434,633,671
Cha-F-600110,ME_R,1.0000,211,211
Cha-F-600114,ME_R,0.8175,215,263
Cha-F-600118,AL_R,0.8700,609,700
Cha-F-600125,LO_R,0.8106,184,227
Cha-F-600129,SMP_R,0.8221,855,1040
Cha-F-600133,ME_R,1.0000,43,43
Cha-F-600134,LO_R,0.8062,183,227
Cha-F-600138,ME_R,0.9863,503,510
Cha-F-600145,LOP_R,0.8653,167,193
Cha-F-600146,AL_R,0.9415,177,188
Cha-F-600154,LOP_L,1.0000,165,165
Cha-F-600169,LO_R,0.8069,117,145
Cha-F-600172,ME_L,1.0000,43,43
Cha-F-600174,ME_L,0.9925,263,265
Cha-F-600177,LOP_L,1.0000,55,55
Cha-F-600178,ME_L,1.0000,360,360
Cha-F-600181,ME_L,0.8056,58,72
Cha-F-600182,LO_L,1.0000,90,90
Cha-F-600189,ME_R,1.0000,115,115
Cha-F-600191,LH_L,0.8549,271,317
Cha-F-600207,LH_L,0.9599,311,324
Cha-F-600211,ME_R,1.0000,581,581
Cha-F-600214,LO_L,0.8008,205,256
Cha-F-600217,FB,0.9085,149,164
Cha-F-600223,AVLP_L,0.9712,202,208
Cha-F-600226,LH_R,0.8244,230,279
Cha-F-600227,AL_L,0.9949,196,197
Cha-F-600235,AVLP_R,1.0000,126,126
Cha-F-600239,ME_R,0.8010,165,206
Cha-F-600250,ME_R,1.0000,307,307
Cha-F-600254,ME_R,0.8140,175,215
Cha-F-600256,LOP_R,0.8889,120,135
Cha-F-600257,ME_R,0.8222,37,45
Cha-F-600263,ME_R,0.8404,237,282
Cha-F-600264,LOP_R,1.0000,140,140
Cha-F-600268,LO_R,0.8062,233,289
Cha-F-600269,LH_R,0.9042,217,240
Cha-F-700002,AVLP_L,0.9531,508,533
Cha-F-700007,ME_L,0.8281,53,64
Cha-F-700021,ME_L,1.0000,82,82
Cha-F-700032,ME_L,1.0000,53,53
Cha-F-700035,ME_R,0.8086,207,256
Cha-F-700038,ME_L,1.0000,36,36
Cha-F-700039,ME_L,0.8093,157,194
Cha-F-700050,ME_L,0.8939,118,132
Cha-F-700056,LO_L,1.0000,201,201
Cha-F-700058,ME_L,1.0000,29,29
Cha-F-700064,ME_L,1.0000,49,49
Cha-F-700067,ME_L,0.8108,90,111
Cha-F-700078,IPS_L,0.8018,182,227
Cha-F-700081,ME_R,1.0000,75,75
Cha-F-700088,AVLP_L,0.8966,104,116
Cha-F-700104,LOP_L,0.9814,158,161
Cha-F-700120,ME_R,1.0000,19,19
Cha-F-700125,AL_R,0.8500,170,200
Cha-F-700132,LOP_R,0.8028,114,142
Cha-F-700141,FB,0.9796,48,49
Cha-F-700147,LO_R,0.8434,571,677
Cha-F-700148,AVLP_R,0.8831,204,231
Cha-F-700154,LOP_L,0.9956,227,228
Cha-F-700165,ME_L,1.0000,21,21
Cha-F-700166,ME_L,1.0000,17,17
Cha-F-700177,SMP_L,0.8268,315,381
Cha-F-700179,ME_R,0.8850,100,113
Cha-F-700181,AVLP_L,1.0000,201,201
Cha-F-700187,ME_L,0.8333,70,84
Cha-F-700194,ME_L,0.9990,956,957
Cha-F-700197,ME_R,0.8077,63,78
Cha-F-700208,ME_L,0.9688,311,321
Cha-F-700217,FB,0.8343,141,169
Cha-F-700221,AVLP_L,0.8027,293,365
Cha-F-700223,ME_R,0.8182,162,198
Cha-F-700225,AVLP_R,0.8528,336,394
Cha-F-700231,LO_R,0.9910,219,221
Cha-F-700233,LO_R,0.8289,247,298
Cha-F-700246,LOP_R,0.9472,269,284
Cha-F-700253,ME_L,1.0000,486,486
Cha-F-700255,LH_L,0.8966,130,145
Cha-F-700262,SLP_L,0.8983,468,521
Cha-F-700273,LO_L,0.9056,163,180
Cha-F-700275,ME_R,0.8220,97,118
Cha-F-700276,ME_R,0.8023,69,86
Cha-F-700281,ME_R,0.8101,64,79
Cha-F-700284,LO_L,0.8814,260,295
Cha-F-700291,ME_R,0.9167,99,108
Cha-F-700294,AVLP_L,1.0000,170,170
Cha-F-700295,LO_L,0.8525,156,183
Cha-F-700297,AVLP_R,0.9968,316,317
Cha-F-700300,AVLP_R,1.0000,275,275
Cha-F-700304,AVLP_R,0.9852,133,135
Cha-F-700305,LOP_L,0.9135,169,185
Cha-F-700307,LO_L,0.8122,160,197
Cha-F-700308,ME_R,0.8485,84,99
Cha-F-800007,ME_L,1.0000,407,407
Cha-F-800012,LOP_L,0.9712,135,139
Cha-F-800014,AVLP_L,0.9712,270,278
Cha-F-800015,FB,0.8148,132,162
Cha-F-800020,ME_R,0.9291,249,268
Cha-F-800024,AVLP_R,0.9639,560,581
Cha-F-800025,ME_R,0.9118,31,34
Cha-F-800026,ME_L,0.8868,376,424
Cha-F-800028,AVLP_L,0.9198,470,511
Cha-F-800029,IPS_L,0.8571,156,182
Cha-F-800031,AVLP_R,0.9158,446,487
Cha-F-800038,AVLP_R,0.9932,290,292
Cha-F-800049,GNG,0.9932,581,585
Cha-F-800059,AL_L,0.9946,2021,2032
Cha-F-800069,ME_L,0.9265,227,245
Cha-F-800077,AL_L,0.9700,420,433
Cha-F-800087,AVLP_L,0.8049,652,810
Cha-F-800098,LO_L,0.8208,197,240
Cha-F-800109,ME_L,0.8829,98,111
Cha-F-800117,ME_R,0.8990,276,307
Cha-F-800121,ME_R,1.0000,238,238
Cha-F-800122,LO_L,0.9154,119,130
Cha-F-800129,FB,0.8407,95,113
Cha-F-800137,LO_R,0.8281,236,285
Cha-F-800141,AVLP_R,0.9627,593,616
Cha-F-800143,LO_R,1.0000,307,307
Cha-F-800144,LO_L,0.8178,175,214
Cha-F-900001,ME_R,0.9583,23,24
Cha-F-900010,ME_L,0.9706,66,68
Cha-F-900011,LO_L,1.0000,95,95
Cha-F-900016,PB,0.9371,134,143
Cha-F-900020,LOP_L,1.0000,39,39
Cha-F-900024,GNG,0.9532,387,406
Cha-F-900031,LO_R,0.8000,136,170
Cha-F-900033,LOP_L,0.9667,29,30
Cha-F-900043,LO_R,0.8315,153,184
Cha-F-900046,LH_L,0.9579,182,190
Cha-F-900056,ME_L,0.8221,245,298
Cha-F-900057,ME_R,1.0000,153,153
Cha-F-900059,LO_R,1.0000,235,235
Cha-F-900062,ME_L,0.9934,302,304
Cha-F-900066,ME_R,0.8681,79,91
Cha-F-900068,ME_L,1.0000,251,251
Cha-F-900071,AVLP_R,0.9962,262,263
E0585-F-000000,FB,0.9474,234,247
E0585-F-000001,FB,0.9631,261,271
E0585-F-000002,FB,1.0000,223,223
E0585-F-100001,FB,0.9058,173,191
E0585-F-100002,FB,0.9312,176,189
E0585-F-100005,FB,0.9595,166,173
E0585-F-100008,FB,0.9684,153,158
E0585-F-100009,FB,0.9422,163,173
E0585-F-100010,FB,0.9565,176,184
E0585-F-100012,ME_R,0.9463,229,242
E0585-F-100016,FB,0.9209,163,177
E0585-F-100017,FB,0.9294,158,170
E0585-F-100018,FB,0.9514,176,185
E0585-F-100019,FB,0.9605,146,152
E0585-F-100020,ME_L,0.9972,357,358
E0585-F-100022,FB,0.9298,212,228
E0585-F-100023,FB,0.9141,234,256
E0585-F-100026,FB,0.9718,207,213
E0585-F-200007,FB,0.8472,183,216
E0585-F-300002,FB,0.9506,77,81
E0585-F-300024,FB,0.8072,134,166
E0585-F-300030,ME_R,0.9794,332,339
E0585-F-300035,ME_R,0.9398,234,249
E0585-F-300041,ME_L,0.9547,253,265
E0585-F-300059,FB,0.9380,227,242
E0585-F-300061,FB,0.9896,190,192
E0585-F-300062,ME_R,0.9639,267,277
E0585-F-300072,ME_R,0.9493,131,138
E0585-F-400019,ME_L,0.9221,225,244
E0585-F-400020,ME_L,0.9293,184,198
E0585-F-400024,FB,0.8646,83,96
E0585-F-400027,PB,0.9032,140,155
E0585-F-400030,ME_R,0.9439,286,303
E0585-F-400031,ME_R,0.8708,209,240
E0585-F-500002,ME_R,0.9961,255,256
E0585-F-500003,ME_L,0.9526,201,211
E0585-F-600003,ME_L,0.9685,215,222
E0585-F-800000,ME_L,1.0000,190,190
GH146-M-000001,AL_R,0.8290,1799,2170
GH146-M-400000,AL_L,0.8934,2004,2243
GH298-F-100000,AL_R,0.9477,3498,3691
GH298-F-100001,AL_L,0.9958,3313,3327
GH298-F-100002,AL_L,0.9895,2737,2766
GH298-F-100003,AL_L,0.9911,3126,3154
GH298-F-100004,AL_R,0.9781,2499,2555
GH298-F-200000,AL_L,0.9861,2912,2953
GH298-F-200001,AL_R,0.9839,2868,2915
GH298-F-200002,AL_L,0.9981,3141,3147
GH298-F-200003,AL_L,0.9978,1778,1782
GH298-F-200004,AL_R,0.9758,2384,2443
GH298-F-200005,AL_L,0.9983,1727,1730
GH298-F-200006,AL_L,0.9973,1866,1871
GH298-F-200008,AL_L,0.9971,2754,2762
GH298-F-200009,AL_L,0.9813,2879,2934
GH298-F-200010,AL_R,0.9557,2543,2661
GH298-F-200011,AL_R,0.9697,1854,1912
GH298-F-200012,AL_L,0.9928,2354,2371
GH298-F-200013,AL_L,0.9968,3093,3103
GH298-F-200014,AL_L,0.9957,2762,2774
GH298-F-200015,AL_R,0.9628,2044,2123
GH298-F-200016,AL_R,0.9740,3001,3081
GH298-F-200017,AL_R,0.9688,2360,2436
GH298-F-200018,AL_R,0.9448,2054,2174
GH298-F-200019,AL_L,0.9993,2781,2783
GH298-F-200020,AL_R,0.9520,2854,2998
GH298-F-200021,AL_R,0.8897,2484,2792
GH298-F-200022,AL_R,0.9122,2599,2849
GH298-F-200023,AL_L,0.9826,1691,1721
GH298-F-200024,AL_R,0.9617,2182,2269
GH298-F-200025,AL_R,0.8603,1866,2169
GH298-F-200026,AL_R,0.9301,2261,2431
GH298-F-200027,AL_R,0.8089,1816,2245
GH298-F-200028,AL_L,0.9908,2472,2495
GH298-F-200029,AL_R,0.9764,2612,2675
GH298-F-200030,AL_L,0.9970,2359,2366
GH298-F-200031,AL_R,0.9705,1807,1862
GH298-F-200032,AL_R,0.9199,2112,2296
GH298-F-200033,AL_L,0.9926,3083,3106
GH298-F-200034,AL_R,0.9777,2585,2644
GH298-F-200035,AL_R,0.9846,2750,2793
GH298-F-200036,AL_L,0.9980,2980,2986
GH298-F-200037,AL_L,0.9990,1962,1964
GH298-F-200038,AL_L,0.9981,3186,3192
GH298-F-200039,AL_R,0.9664,2764,2860
GH298-F-200040,AL_R,0.9192,1855,2018
GH298-F-200041,AL_R,0.9244,1992,2155
GH298-F-200042,AL_L,0.9216,2279,2473
GH298-F-200043,AL_R,0.9949,2912,2927
GH298-F-200044,AL_L,0.9865,1893,1919
GH298-F-200045,AL_R,0.9051,2328,2572
GH298-F-200046,AL_L,0.9961,2579,2589
GH298-F-200047,AL_L,0.9019,2584,2865
GH298-F-200048,AL_R,0.9367,2603,2779
GH298-F-200049,AL_R,0.9278,1941,2092
GH298-F-200050,AL_R,0.9453,2265,2396
GH298-F-200051,AL_L,0.9953,2526,2538
GH298-F-200052,AL_R,0.9130,2308,2528
GH298-F-200053,AL_L,0.9859,1888,1915
GH298-F-200054,AL_L,0.9705,1775,1829
GH298-F-200055,AL_L,0.9950,2571,2584
GH298-F-200056,AL_R,0.9273,1798,1939
GH298-F-200057,AL_L,0.9689,2801,2891
GH298-F-200058,AL_R,0.8994,2306,2564
GH298-F-200059,AL_L,0.9973,2559,2566
GH298-F-200060,AL_R,0.9502,2402,2528
GH298-F-200061,AL_R,0.9505,3014,3171
GH298-F-200062,AL_R,0.9068,2199,2425
GH298-F-200063,AL_R,0.9603,2587,2694
GH298-F-200064,AL_L,0.9942,2071,2083
GH298-F-200065,AL_L,0.9990,3020,3023
GH298-F-200066,AL_R,0.9834,2780,2827
GH298-F-300000,AL_R,0.9927,2046,2061
GH298-F-300001,AL_L,0.9982,2732,2737
GH298-F-300002,AL_L,1.0000,2843,2843
GH298-F-300003,AL_L,1.0000,1993,1993
GH298-F-300004,AL_L,0.9980,1501,1504
GH298-F-300005,AL_L,1.0000,2150,2150
GH298-F-300006,AL_L,0.9615,1696,1764
GH298-F-300007,AL_R,0.9728,2504,2574
GH298-F-300008,AL_L,0.9681,2247,2321
GH298-F-300009,AL_L,0.9981,2657,2662
GH298-F-300010,AL_R,0.9643,1647,1708
GH298-F-300011,AL_L,0.9911,1669,1684
GH298-F-300012,AL_L,0.9908,3140,3169
GH298-F-300013,AL_R,0.9786,2418,2471
GH298-F-300014,AL_R,0.9792,2356,2406
GH298-F-300015,AL_L,0.9844,1704,1731
GH298-F-300016,AL_R,0.9710,2642,2721
GH298-F-300017,AL_L,0.9996,2502,2503
GH298-F-300018,AL_L,0.9949,2342,2354
GH298-F-300019,AL_L,0.9983,2350,2354
GH298-F-300020,AL_R,0.9714,1837,1891
GH298-F-300021,AL_R,0.9747,1852,1900
GH298-F-300022,AL_R,0.9700,2460,2536
GH298-F-300023,AL_L,0.9913,2607,2630
GH298-F-300024,AL_L,0.9909,1844,1861
GH298-F-300025,AL_R,0.9783,2620,2678
GH298-F-300026,AL_L,0.9906,3049,3078
GH298-F-300027,AL_L,0.9682,2712,2801
GH298-F-300028,AL_L,0.9981,2611,2616
GH298-F-300029,AL_R,0.9943,1922,1933
GH298-F-300030,AL_L,0.9613,3004,3125
GH298-F-300031,AL_L,0.9933,2507,2524
GH298-M-100000,AL_L,1.0000,2434,2434
GH298-M-100001,AL_L,0.9989,3599,3603
GH298-M-100002,AL_R,0.9926,3214,3238
GH298-M-100003,AL_R,0.9889,3030,3064
GH298-M-100004,AL_L,0.9993,3030,3032
GH298-M-100005,AL_L,0.9893,2688,2717
GH298-M-200000,AL_L,1.0000,1598,1598
GH298-M-200001,AL_R,0.9787,2160,2207
GH298-M-200002,AL_R,0.9781,2103,2150
GH298-M-200003,AL_R,0.9758,2056,2107
GH298-M-200004,AL_L,0.9997,3163,3164
GH298-M-200005,AL_R,0.9944,3045,3062
GH298-M-200006,AL_R,0.9867,2968,3008
GH298-M-200007,AL_L,0.9985,2678,2682
GH298-M-200008,AL_R,0.9760,1670,1711
GH298-M-200010,AL_L,1.0000,3044,3044
GH298-M-200011,AL_R,0.9877,3367,3409
GH298-M-200012,AL_R,0.9990,3103,3106
GH298-M-200013,AL_R,0.9887,3160,3196
GH298-M-200014,AL_L,1.0000,2966,2966
GH298-M-200015,AL_R,0.9830,2316,2356
GH298-M-200016,AL_L,1.0000,2537,2537
GH298-M-200017,AL_L,1.0000,3102,3102
GH298-M-200018,AL_L,1.0000,2423,2423
GH298-M-200019,AL_R,0.9985,2741,2745
GH298-M-300000,AL_L,1.0000,2127,2127
GH298-M-300001,AL_R,0.9925,2117,2133
GH298-M-300002,AL_R,0.9866,2068,2096
GH298-M-300003,AL_R,0.9964,3331,3343
GH298-M-300004,AL_L,1.0000,2808,2808
GH298-M-300005,AL_L,0.9963,2959,2970
GH298-M-300006,AL_R,0.9976,2920,2927
GH298-M-300007,AL_L,0.9996,2738,2739
GH298-M-300008,AL_R,0.9941,2538,2553
GH298-M-300009,AL_L,1.0000,2333,2333
GH298-M-300010,AL_L,1.0000,3054,3054
GH298-M-300011,AL_L,0.9996,2688,2689
GH298-M-300012,AL_L,0.9993,2763,2765
GH298-M-300013,AL_L,0.9959,2901,2913
GH298-M-300014,AL_L,0.9990,2063,2065
GH298-M-300015,AL_R,0.9905,2408,2431
GH298-M-300016,AL_R,0.9842,2919,2966
GH298-M-300017,AL_L,0.9980,2478,2483
GH298-M-300018,AL_L,0.9990,2913,2916
GH298-M-300019,AL_R,0.9907,2024,2043
GH298-M-300020,AL_R,0.9951,2625,2638
GH298-M-300021,AL_L,0.9950,2377,2389
GH298-M-300022,AL_L,0.9962,2117,2125
GH298-M-300023,AL_R,0.9833,2065,2100
GH298-M-300024,AL_R,0.9932,2200,2215
GH298-M-300025,AL_L,0.9991,2332,2334
GH298-M-300026,AL_R,0.9864,1816,1841
GH298-M-300027,AL_L,0.9971,2790,2798
GH298-M-300028,AL_R,0.9885,2328,2355
GH298-M-300029,AL_L,0.9975,2756,2763
GH298-M-300030,AL_L,0.9958,3329,3343
GH298-M-300031,AL_R,0.9978,2695,2701
GH298-M-300032,AL_R,0.9840,2392,2431
GH298-M-300033,AL_R,0.9672,2451,2534
GH298-M-300034,AL_R,0.9946,2399,2412
GH298-M-300035,AL_R,0.9935,3070,3090
GH298-M-300036,AL_R,0.9955,2443,2454
GH298-M-300037,AL_L,0.9990,2872,2875
Gad1-F-000001,FB,0.8878,87,98
Gad1-F-000008,SMP_L,0.9567,221,231
Gad1-F-000012,LO_L,1.0000,117,117
Gad1-F-000015,LO_L,1.0000,63,63
Gad1-F-000024,FB,0.9157,76,83
Gad1-F-000038,LO_R,0.8188,113,138
Gad1-F-000041,LO_R,1.0000,101,101
Gad1-F-000055,LO_R,0.9704,131,135
Gad1-F-000057,FB,0.8125,104,128
Gad1-F-000061,ME_L,0.8295,214,258
Gad1-F-000074,ME_L,1.0000,52,52
Gad1-F-000075,LOP_R,0.9158,87,95
Gad1-F-000076,ME_R,1.0000,113,113
Gad1-F-000077,ME_R,0.8455,93,110
Gad1-F-000079,LH_L,0.9714,340,350
Gad1-F-000107,FB,0.8607,278,323
Gad1-F-000109,FB,0.8630,334,387
Gad1-F-000113,AL_L,0.8551,118,138
Gad1-F-000116,AL_L,1.0000,481,481
Gad1-F-000122,FB,0.9062,87,96
Gad1-F-000126,ME_L,1.0000,372,372
Gad1-F-000135,SMP_L,0.9053,545,602
Gad1-F-000141,PB,1.0000,165,165
Gad1-F-000151,SMP_L,0.8970,505,563
Gad1-F-000156,AL_L,0.9593,236,246
Gad1-F-000162,SMP_L,0.9447,478,506
Gad1-F-000179,AL_L,1.0000,203,203
Gad1-F-000184,AVLP_R,0.9615,150,156
Gad1-F-000187,AVLP_R,0.8956,223,249
Gad1-F-000193,SMP_L,0.9424,229,243
Gad1-F-000198,LO_R,1.0000,96,96
Gad1-F-000201,LH_L,0.9375,105,112
Gad1-F-000207,AL_R,0.8502,210,247
Gad1-F-000214,ME_R,1.0000,222,222
Gad1-F-000219,LO_L,0.8170,183,224
Gad1-F-000223,FB,0.8189,104,127
Gad1-F-000226,LO_L,1.0000,208,208
Gad1-F-000236,AL_L,1.0000,211,211
Gad1-F-000247,LO_L,0.9907,320,323
Gad1-F-000252,LO_R,1.0000,152,152
Gad1-F-000256,ME_L,1.0000,181,181
Gad1-F-000261,AVLP_L,0.9808,409,417
Gad1-F-000262,AVLP_R,0.9722,210,216
Gad1-F-000270,LO_R,0.9519,99,104
Gad1-F-000278,FB,0.8756,190,217
Gad1-F-000281,LO_L,0.9286,91,98
Gad1-F-000282,ME_L,0.9904,103,104
Gad1-F-000284,FB,0.9434,100,106
Gad1-F-000292,LO_R,1.0000,153,153
Gad1-F-000296,FB,0.8217,106,129
Gad1-F-000306,FB,0.8788,174,198
Gad1-F-000309,AL_R,0.8041,238,296
Gad1-F-000316,AVLP_R,0.9008,354,393
Gad1-F-000317,AVLP_L,0.8940,810,906
Gad1-F-000319,LO_R,0.8246,174,211
Gad1-F-000323,FB,0.9944,177,178
Gad1-F-000332,PVLP_R,0.8242,225,273
Gad1-F-000333,LO_L,0.8741,236,270
Gad1-F-000334,AL_L,1.0000,343,343
Gad1-F-000335,AVLP_R,0.9583,230,240
Gad1-F-000337,AL_L,0.9880,493,499
Gad1-F-000339,FB,0.8728,151,173
Gad1-F-000344,FB,0.9219,118,128
Gad1-F-000347,LO_R,1.0000,106,106
Gad1-F-000350,AVLP_R,0.9863,433,439
Gad1-F-000351,LO_R,0.9700,388,400
Gad1-F-000355,AL_R,0.9291,236,254
Gad1-F-000361,AL_R,0.9644,325,337
Gad1-F-000372,FB,0.8768,121,138
Gad1-F-000378,FB,0.8220,194,236
Gad1-F-000389,LO_R,0.8374,103,123
Gad1-F-000394,AL_R,0.9610,1036,1078
Gad1-F-000402,FB,0.8256,71,86
Gad1-F-000406,FB,0.9524,100,105
Gad1-F-000409,FB,0.8793,284,323
Gad1-F-000424,GNG,0.9199,494,537
Gad1-F-000441,LO_L,0.9750,273,280
Gad1-F-000442,LO_R,0.8464,248,293
Gad1-F-000454,LO_R,0.8693,173,199
Gad1-F-000468,FB,0.9231,132,143
Gad1-F-000478,LO_R,0.8298,195,235
Gad1-F-000489,ME_R,0.8800,88,100
Gad1-F-000491,LO_L,1.0000,117,117
Gad1-F-000492,AL_R,0.9641,939,974
Gad1-F-000503,GNG,1.0000,291,291
Gad1-F-000507,LOP_R,0.8361,51,61
Gad1-F-000510,AVLP_R,0.9146,150,164
Gad1-F-000513,LO_R,0.8500,153,180
Gad1-F-000514,ME_R,0.8391,73,87
Gad1-F-000520,AL_L,0.9919,613,618
Gad1-F-000523,LO_L,0.8585,182,212
Gad1-F-000536,PB,0.9945,181,182
Gad1-F-000538,ME_L,0.9683,61,63
Gad1-F-000540,LH_R,0.8648,275,318
Gad1-F-000544,LO_R,0.8815,290,329
Gad1-F-000548,ME_L,1.0000,82,82
Gad1-F-000551,ME_R,1.0000,257,257
Gad1-F-000555,ME_L,1.0000,77,77
Gad1-F-000559,LO_R,0.9915,116,117
Gad1-F-000569,LO_R,0.8248,226,274
Gad1-F-000579,LO_R,1.0000,172,172
Gad1-F-000580,ME_R,1.0000,71,71
Gad1-F-000581,ME_R,1.0000,55,55
Gad1-F-000583,LO_R,0.9590,117,122
Gad1-F-000584,ME_R,0.9421,114,121
Gad1-F-000585,ME_R,0.9787,46,47
Gad1-F-000586,ME_R,1.0000,168,168
Gad1-F-000591,ME_L,1.0000,294,294
Gad1-F-000595,LO_R,0.8148,22,27
Gad1-F-000605,AL_L,0.9921,1009,1017
Gad1-F-000612,AVLP_R,0.9117,289,317
Gad1-F-000613,FB,0.9937,157,158
Gad1-F-000614,ME_R,1.0000,29,29
Gad1-F-000616,LO_L,0.9773,172,176
Gad1-F-000617,LOP_L,0.9955,223,224
Gad1-F-000618,LO_R,1.0000,224,224
Gad1-F-000623,LO_L,0.8583,109,127
Gad1-F-000626,ME_R,1.0000,27,27
Gad1-F-000634,LO_R,0.9821,110,112
Gad1-F-000640,LH_L,0.8811,163,185
Gad1-F-000642,ME_R,1.0000,27,27
Gad1-F-000644,LO_L,0.8025,65,81
Gad1-F-000645,ME_L,1.0000,26,26
Gad1-F-000648,LOP_R,0.8040,160,199
Gad1-F-000650,LO_R,0.8622,194,225
Gad1-F-000654,ME_L,0.8142,92,113
Gad1-F-000659,PB,1.0000,225,225
Gad1-F-000664,GNG,1.0000,110,110
Gad1-F-000666,AL_L,0.9895,1509,1525
Gad1-F-000667,LH_R,0.8427,300,356
Gad1-F-000673,LO_L,0.8274,187,226
Gad1-F-000685,FB,0.8521,219,257
Gad1-F-000689,AL_L,0.9557,1790,1873
Gad1-F-000690,AL_L,0.9056,691,763
Gad1-F-000696,LO_L,0.8000,244,305
Gad1-F-000697,LO_R,0.8476,228,269
Gad1-F-000706,AVLP_R,1.0000,330,330
Gad1-F-000712,LH_L,0.8952,282,315
Gad1-F-000714,ME_L,1.0000,52,52
Gad1-F-000720,ME_L,0.8065,75,93
Gad1-F-000728,FB,0.9130,42,46
Gad1-F-000730,LO_R,0.8107,137,169
Gad1-F-000731,LO_L,0.9590,117,122
Gad1-F-000735,LO_L,0.8291,165,199
Gad1-F-000736,LO_R,0.8374,170,203
Gad1-F-000740,LOP_R,1.0000,89,89
Gad1-F-000743,AL_L,0.9905,1046,1056
Gad1-F-000753,AVLP_L,0.9913,340,343
Gad1-F-000754,FB,0.8308,162,195
Gad1-F-000758,FB,0.9065,281,310
Gad1-F-000761,LO_L,0.8243,197,239
Gad1-F-000763,AVLP_R,1.0000,310,310
Gad1-F-000768,AVLP_L,0.8657,651,752
Gad1-F-000770,FB,0.9084,119,131
Gad1-F-000772,ME_R,1.0000,43,43
Gad1-F-000773,ME_R,0.8082,118,146
Gad1-F-000776,ME_L,1.0000,50,50
Gad1-F-000781,LO_L,1.0000,79,79
Gad1-F-000786,LO_L,0.9262,138,149
Gad1-F-000793,LO_R,0.8911,90,101
Gad1-F-000794,LO_L,0.8543,170,199
Gad1-F-000805,ME_L,0.8085,38,47
Gad1-F-000806,ME_L,1.0000,50,50
Gad1-F-000814,AVLP_L,1.0000,275,275
Gad1-F-000818,LOP_L,1.0000,33,33
Gad1-F-000819,AL_L,0.9958,476,478
Gad1-F-000824,ME_R,1.0000,25,25
Gad1-F-000826,ME_L,0.9091,40,44
Gad1-F-000827,ME_R,1.0000,46,46
Gad1-F-000828,LO_L,1.0000,189,189
Gad1-F-000838,LO_L,0.9362,176,188
Gad1-F-000842,ME_R,1.0000,57,57
Gad1-F-000847,ME_L,1.0000,111,111
Gad1-F-000848,GNG,1.0000,341,341
Gad1-F-000851,ME_R,0.8116,56,69
Gad1-F-000857,ME_L,0.8368,318,380
Gad1-F-100001,SMP_L,0.9008,345,383
Gad1-F-100018,FB,0.8165,89,109
Gad1-F-100035,FB,1.0000,66,66
Gad1-F-100036,ME_R,0.8214,46,56
Gad1-F-100037,LOP_R,0.8529,116,136
Gad1-F-100041,FB,0.8933,201,225
Gad1-F-100045,LO_R,0.9172,133,145
Gad1-F-100053,ME_R,0.9500,171,180
Gad1-F-100054,FB,0.8577,223,260
Gad1-F-100061,AL_R,0.8610,316,367
Gad1-F-100068,GNG,0.8337,386,463
Gad1-F-100072,LH_R,0.8852,185,209
Gad1-F-100081,AL_R,0.8493,248,292
Gad1-F-100088,FB,0.9195,80,87
Gad1-F-100095,SMP_L,0.9413,433,460
Gad1-F-100096,FB,0.8000,212,265
Gad1-F-100099,LH_L,0.8172,380,465
Gad1-F-100100,LO_L,0.8277,245,296
Gad1-F-100102,AVLP_R,0.9908,215,217
Gad1-F-100104,AVLP_L,0.9927,542,546
Gad1-F-100105,AL_L,0.9192,1456,1584
Gad1-F-100109,LO_R,0.9049,314,347
Gad1-F-100118,FB,0.8966,156,174
Gad1-F-100127,LO_L,0.9970,328,329
Gad1-F-100132,LH_R,0.8766,206,235
Gad1-F-100143,AL_L,0.9774,519,531
Gad1-F-100159,LO_R,0.9977,433,434
Gad1-F-100160,AVLP_L,0.8618,237,275
Gad1-F-100161,LO_R,1.0000,80,80
Gad1-F-100168,LH_L,0.9481,219,231
Gad1-F-100176,LO_R,1.0000,129,129
Gad1-F-100178,LH_R,0.8518,546,641
Gad1-F-100180,AVLP_L,0.8783,772,879
Gad1-F-100207,AVLP_L,0.9320,96,103
Gad1-F-100213,ME_R,0.8400,42,50
Gad1-F-100215,ME_L,1.0000,113,113
Gad1-F-100221,AVLP_L,0.8778,79,90
Gad1-F-100229,AVLP_L,0.8419,181,215
Gad1-F-100232,AL_L,0.9935,1073,1080
Gad1-F-100238,AL_L,0.9858,209,212
Gad1-F-100239,AVLP_R,0.9381,318,339
Gad1-F-100244,ME_L,0.9858,139,141
Gad1-F-100251,ME_R,0.9153,173,189
Gad1-F-100253,ME_R,1.0000,230,230
Gad1-F-100256,FB,0.8415,154,183
Gad1-F-100277,FB,0.8201,114,139
Gad1-F-100291,PVLP_R,0.9265,63,68
Gad1-F-100298,FB,0.8690,146,168
Gad1-F-100306,FB,0.8824,60,68
Gad1-F-100307,PB,0.9733,182,187
Gad1-F-100309,AL_R,0.8081,358,443
Gad1-F-100311,FB,0.9492,112,118
Gad1-F-100317,AL_L,0.9909,2407,2429
Gad1-F-100328,LO_L,0.8282,188,227
Gad1-F-100336,SMP_R,0.8716,258,296
Gad1-F-100338,LH_R,0.9125,146,160
Gad1-F-100345,LH_R,0.9469,214,226
Gad1-F-100347,FB,0.9839,61,62
Gad1-F-100350,AL_R,0.8957,309,345
Gad1-F-100356,AL_L,0.9909,437,441
Gad1-F-100360,AL_R,0.9651,1493,1547
Gad1-F-100361,PB,0.9835,119,121
Gad1-F-100362,AL_L,1.0000,563,563
Gad1-F-100366,AL_L,0.9820,1199,1221
Gad1-F-100367,FB,0.8889,56,63
Gad1-F-100377,LOP_L,0.8193,68,83
Gad1-F-100382,ME_L,1.0000,68,68
Gad1-F-100394,AVLP_R,0.9939,163,164
Gad1-F-100403,FB,0.9080,237,261
Gad1-F-100409,AL_R,0.9483,2292,2417
Gad1-F-100414,FB,0.9180,168,183
Gad1-F-100417,LO_L,0.8556,231,270
Gad1-F-100419,LOP_R,0.8596,202,235
Gad1-F-100432,AVLP_R,1.0000,111,111
Gad1-F-100433,LO_L,1.0000,178,178
Gad1-F-100435,ME_R,1.0000,21,21
Gad1-F-100450,LO_R,1.0000,200,200
Gad1-F-100463,LOP_L,0.8000,60,75
Gad1-F-100466,LO_R,0.9931,143,144
Gad1-F-100467,LO_L,0.8068,71,88
Gad1-F-100472,ME_L,1.0000,40,40
Gad1-F-100475,LO_R,0.8391,219,261
Gad1-F-100476,AVLP_L,0.9600,600,625
Gad1-F-100480,AVLP_L,0.8706,471,541
Gad1-F-100493,SLP_R,0.8601,338,393
Gad1-F-100497,AL_R,0.9958,473,475
Gad1-F-100503,LO_R,1.0000,101,101
Gad1-F-100505,LO_L,0.8010,153,191
Gad1-F-100507,ME_L,1.0000,100,100
Gad1-F-100510,ME_L,1.0000,38,38
Gad1-F-100515,WED_L,0.8032,151,188
Gad1-F-100523,FB,0.8933,67,75
Gad1-F-100525,ME_R,1.0000,42,42
Gad1-F-100529,LO_R,0.8419,197,234
Gad1-F-100530,LO_R,0.8900,178,200
Gad1-F-100531,AVLP_R,0.9935,308,310
Gad1-F-100532,LO_R,0.8737,256,293
Gad1-F-100537,LO_R,1.0000,176,176
Gad1-F-100538,AVLP_R,0.8586,170,198
Gad1-F-100542,FB,0.8720,109,125
Gad1-F-100544,LOP_R,0.9930,142,143
Gad1-F-100545,GNG,1.0000,366,366
Gad1-F-100550,FB,0.9304,107,115
Gad1-F-100560,FB,0.8116,56,69
Gad1-F-100562,AL_L,0.9968,307,308
Gad1-F-100566,LO_L,0.8558,178,208
Gad1-F-100572,ME_L,0.8228,65,79
Gad1-F-100577,LO_L,0.8047,136,169
Gad1-F-100579,SMP_L,0.8548,365,427
Gad1-F-100580,ME_R,1.0000,54,54
Gad1-F-100584,ME_L,0.8191,77,94
Gad1-F-100586,SMP_L,0.9422,505,536
Gad1-F-100587,AVLP_L,0.9469,321,339
Gad1-F-100593,PB,1.0000,166,166
Gad1-F-100594,ME_L,1.0000,81,81
Gad1-F-100595,ME_L,1.0000,29,29
Gad1-F-100601,AL_R,0.9816,908,925
Gad1-F-100602,AL_R,0.8405,295,351
Gad1-F-100607,ME_R,1.0000,105,105
Gad1-F-100609,ME_R,1.0000,60,60
Gad1-F-100611,LO_R,0.8065,100,124
Gad1-F-100625,FB,0.9067,136,150
Gad1-F-100626,LO_R,1.0000,187,187
Gad1-F-100629,AL_L,0.9174,2367,2580
Gad1-F-100630,SMP_L,0.9018,202,224
Gad1-F-100631,AVLP_L,0.9365,885,945
Gad1-F-100639,LOP_R,0.8108,90,111
Gad1-F-100641,AVLP_R,0.9441,169,179
Gad1-F-100654,LO_L,1.0000,151,151
Gad1-F-100655,ME_L,1.0000,38,38
Gad1-F-100656,AVLP_R,0.8146,716,879
Gad1-F-100657,LO_R,0.8646,332,384
Gad1-F-100686,FB,0.8103,141,174
Gad1-F-100691,LO_R,1.0000,235,235
Gad1-F-100695,LO_L,1.0000,176,176
Gad1-F-100697,ME_R,1.0000,65,65
Gad1-F-100698,ME_R,1.0000,36,36
Gad1-F-100706,LO_R,0.9101,243,267
Gad1-F-100708,LO_R,0.9733,182,187
Gad1-F-100711,ME_L,0.9528,101,106
Gad1-F-100712,LOP_L,1.0000,84,84
Gad1-F-100717,FB,0.9604,97,101
Gad1-F-100719,LO_R,0.8018,174,217
Gad1-F-100723,LH_L,0.8430,333,395
Gad1-F-100725,LO_R,1.0000,107,107
Gad1-F-100731,FB,0.8610,161,187
Gad1-F-100734,LO_R,0.8103,564,696
Gad1-F-100744,LO_R,1.0000,251,251
Gad1-F-100746,FB,0.9000,171,190
Gad1-F-100750,ME_R,0.8837,38,43
Gad1-F-100752,ME_R,1.0000,14,14
Gad1-F-100753,LO_R,0.8298,117,141
Gad1-F-100756,LO_L,0.9190,261,284
Gad1-F-100757,AVLP_L,0.9424,180,191
Gad1-F-100763,ME_R,1.0000,49,49
Gad1-F-100768,LO_R,0.8018,89,111
Gad1-F-100770,AL_R,0.9524,280,294
Gad1-F-100773,LO_R,1.0000,47,47
Gad1-F-100774,LO_L,0.8402,163,194
Gad1-F-100777,FB,0.8966,78,87
Gad1-F-100783,AVLP_R,0.8232,717,871
Gad1-F-100789,LO_L,1.0000,213,213
Gad1-F-100791,ME_R,1.0000,21,21
Gad1-F-100793,FB,0.8636,57,66
Gad1-F-100795,AVLP_L,0.8382,316,377
Gad1-F-100800,ME_R,1.0000,125,125
Gad1-F-100815,ME_R,1.0000,26,26
Gad1-F-100816,FB,0.8996,233,259
Gad1-F-100828,LO_R,0.9167,11,12
Gad1-F-100833,LO_R,1.0000,203,203
Gad1-F-100834,AL_L,0.9912,1017,1026
Gad1-F-100840,ME_R,1.0000,172,172
Gad1-F-100845,ME_L,1.0000,67,67
Gad1-F-100846,LO_R,0.8643,172,199
Gad1-F-100848,ME_R,0.8554,71,83
Gad1-F-100849,AL_L,0.9526,1045,1097
Gad1-F-100852,ME_R,1.0000,23,23
Gad1-F-100854,ME_R,1.0000,19,19
Gad1-F-100859,ME_R,0.8359,107,128
Gad1-F-100862,LO_L,0.9412,32,34
Gad1-F-100864,ME_R,1.0000,11,11
Gad1-F-100870,ME_R,1.0000,61,61
Gad1-F-100871,GNG,1.0000,156,156
Gad1-F-100877,AVLP_R,0.9744,228,234
Gad1-F-100879,ME_L,1.0000,24,24
Gad1-F-100881,LOP_L,0.9487,74,78
Gad1-F-100884,ME_R,1.0000,109,109
Gad1-F-100885,AL_R,0.9358,481,514
Gad1-F-100887,ME_R,0.8039,82,102
Gad1-F-100891,ME_L,1.0000,56,56
Gad1-F-100892,LO_L,1.0000,193,193
Gad1-F-100894,ME_R,0.8108,60,74
Gad1-F-200016,FB,0.9222,83,90
Gad1-F-200040,EB,0.8156,115,141
Gad1-F-200043,AL_L,0.9616,651,677
Gad1-F-200074,FB,0.8526,81,95
Gad1-F-200077,LOP_R,0.8571,24,28
Gad1-F-200100,AL_R,0.8881,1318,1484
Gad1-F-200102,ME_R,1.0000,18,18
Gad1-F-200107,AL_R,0.8367,328,392
Gad1-F-200132,ME_L,1.0000,241,241
Gad1-F-200136,ME_R,0.9929,281,283
Gad1-F-200140,ME_L,1.0000,377,377
Gad1-F-200147,LO_L,0.9446,290,307
Gad1-F-200149,AVLP_L,0.9208,442,480
Gad1-F-200150,LH_R,0.9750,234,240
Gad1-F-200155,LH_L,0.8465,193,228
Gad1-F-200164,FB,0.8745,209,239
Gad1-F-200165,FB,0.9337,183,196
Gad1-F-200166,FB,0.8235,56,68
Gad1-F-200170,AL_L,0.9506,1655,1741
Gad1-F-200174,SLP_R,0.8370,344,411
Gad1-F-200176,AVLP_L,0.9415,177,188
Gad1-F-200185,LO_L,1.0000,268,268
Gad1-F-200192,FB,0.9175,178,194
Gad1-F-200202,FB,0.8433,113,134
Gad1-F-200207,AL_R,0.9111,605,664
Gad1-F-200208,FB,0.8642,70,81
Gad1-F-200212,LOP_L,0.8598,92,107
Gad1-F-200218,ME_R,0.8114,228,281
Gad1-F-200233,FB,0.8571,102,119
Gad1-F-200237,LH_L,0.8750,161,184
Gad1-F-200240,FB,0.8507,114,134
Gad1-F-200254,FB,0.8281,53,64
Gad1-F-200257,FB,0.8383,140,167
Gad1-F-200263,FB,0.8701,154,177
Gad1-F-200270,LO_R,0.8059,137,170
Gad1-F-200276,FB,0.9368,163,174
Gad1-F-200281,AL_R,0.9862,645,654
Gad1-F-200297,FB,0.9437,151,160
Gad1-F-200309,LO_R,0.9882,167,169
Gad1-F-200319,PB,0.9444,51,54
Gad1-F-200329,FB,0.9378,196,209
Gad1-F-200333,AVLP_L,0.8300,249,300
Gad1-F-200344,AL_R,0.9777,1578,1614
Gad1-F-200357,FB,0.8333,55,66
Gad1-F-200359,AVLP_R,0.9378,211,225
Gad1-F-200364,LO_R,0.8500,153,180
Gad1-F-200367,LO_R,0.8265,181,219
Gad1-F-200373,FB,0.8767,128,146
Gad1-F-200384,LO_R,0.8035,278,346
Gad1-F-200386,LO_R,0.9154,238,260
Gad1-F-200394,AVLP_L,0.9336,225,241
Gad1-F-200397,PB,0.9651,83,86
Gad1-F-200399,AVLP_R,0.9521,318,334
Gad1-F-200412,FB,0.9331,223,239
Gad1-F-200418,FB,0.9189,34,37
Gad1-F-200421,AL_L,0.9753,2129,2183
Gad1-F-200424,FB,0.9107,153,168
Gad1-F-200429,AL_L,0.8358,402,481
Gad1-F-200448,FB,0.8507,114,134
Gad1-F-200453,GNG,1.0000,71,71
Gad1-F-200457,GNG,0.9802,247,252
Gad1-F-200461,AL_R,0.9534,716,751
Gad1-F-200470,FB,0.9062,58,64
Gad1-F-200479,AL_R,0.9469,1303,1376
Gad1-F-200493,LO_R,0.8158,124,152
Gad1-F-200495,LOP_R,0.9780,178,182
Gad1-F-200498,FB,0.8768,178,203
Gad1-F-200508,ME_R,1.0000,38,38
Gad1-F-200518,LO_R,0.8112,202,249
Gad1-F-200524,LO_R,0.8161,213,261
Gad1-F-200526,LO_L,1.0000,109,109
Gad1-F-200542,ME_L,0.9823,278,283
Gad1-F-200548,LO_L,1.0000,103,103
Gad1-F-200549,AL_L,0.8885,255,287
Gad1-F-200551,AL_R,0.9545,755,791
Gad1-F-200563,AVLP_R,0.9692,220,227
Gad1-F-200564,LO_R,0.8009,173,216
Gad1-F-200567,AVLP_L,1.0000,179,179
Gad1-F-200568,LH_L,0.8319,193,232
Gad1-F-200569,AVLP_L,1.0000,203,203
Gad1-F-200575,ME_L,0.8140,197,242
Gad1-F-200584,ME_L,0.8845,245,277
Gad1-F-200592,AVLP_L,0.9289,209,225
Gad1-F-200598,FB,0.8564,173,202
Gad1-F-200605,FB,0.9315,68,73
Gad1-F-200614,AL_R,0.9933,444,447
Gad1-F-200616,LO_R,1.0000,198,198
Gad1-F-200622,LO_R,1.0000,95,95
Gad1-F-200623,ME_R,1.0000,36,36
Gad1-F-200629,AVLP_L,0.9858,139,141
Gad1-F-200630,LO_R,1.0000,352,352
Gad1-F-200636,ME_R,0.9429,33,35
Gad1-F-200642,LO_L,0.9161,131,143
Gad1-F-200644,LH_R,0.8918,272,305
Gad1-F-200646,LO_L,1.0000,76,76
Gad1-F-200647,ME_L,1.0000,24,24
Gad1-F-200648,AVLP_R,1.0000,407,407
Gad1-F-200650,AVLP_L,0.8403,342,407
Gad1-F-200654,FB,0.8375,67,80
Gad1-F-200660,ME_L,1.0000,50,50
Gad1-F-200661,EB,0.8051,95,118
Gad1-F-200663,FB,0.9245,49,53
Gad1-F-200664,ME_R,0.8070,46,57
Gad1-F-200669,ME_R,1.0000,52,52
Gad1-F-200673,LO_R,1.0000,296,296
Gad1-F-200674,LO_R,0.9317,232,249
Gad1-F-200678,AVLP_R,0.9758,282,289
Gad1-F-200682,AVLP_L,0.9583,92,96
Gad1-F-200686,LH_L,0.8522,173,203
Gad1-F-200694,PB,0.9527,141,148
Gad1-F-200709,LO_R,0.8209,110,134
Gad1-F-200719,AL_R,0.8609,458,532
Gad1-F-200721,ME_R,1.0000,9,9
Gad1-F-200727,ME_L,1.0000,37,37
Gad1-F-200729,ME_R,0.9174,100,109
Gad1-F-200741,ME_R,1.0000,22,22
Gad1-F-200742,ME_R,1.0000,59,59
Gad1-F-200743,ME_R,1.0000,35,35
Gad1-F-200749,ME_R,0.8214,23,28
Gad1-F-200750,LOP_R,0.8421,96,114
Gad1-F-200751,ME_R,0.9026,278,308
Gad1-F-200755,ME_R,1.0000,35,35
Gad1-F-200756,ME_L,0.9058,202,223
Gad1-F-200758,ME_L,1.0000,41,41
Gad1-F-200760,ME_R,1.0000,158,158
Gad1-F-200767,ME_L,1.0000,40,40
Gad1-F-200771,ME_R,1.0000,26,26
Gad1-F-200772,ME_R,1.0000,34,34
Gad1-F-200779,ME_L,1.0000,48,48
Gad1-F-200782,ME_R,1.0000,45,45
Gad1-F-200783,ME_R,1.0000,35,35
Gad1-F-200787,ME_R,1.0000,127,127
Gad1-F-200789,ME_R,1.0000,119,119
Gad1-F-200790,ME_R,1.0000,25,25
Gad1-F-200791,LO_R,0.8408,243,289
Gad1-F-200794,ME_L,1.0000,150,150
Gad1-F-300003,LO_R,0.8421,144,171
Gad1-F-300004,FB,0.8000,44,55
Gad1-F-300044,AL_L,0.9868,820,831
Gad1-F-300048,AL_R,0.9825,224,228
Gad1-F-300049,ME_R,0.9583,115,120
Gad1-F-300051,LO_R,1.0000,146,146
Gad1-F-300059,SMP_R,0.9286,247,266
Gad1-F-300073,AL_L,0.9928,137,138
Gad1-F-300076,AL_R,0.8655,103,119
Gad1-F-300082,ME_R,1.0000,29,29
Gad1-F-300086,LOP_R,0.8224,653,794
Gad1-F-300101,LOP_L,0.8304,93,112
Gad1-F-300108,LO_R,1.0000,101,101
Gad1-F-300118,LOP_L,0.8215,267,325
Gad1-F-300130,LO_L,0.9016,55,61
Gad1-F-300137,AL_R,0.9623,562,584
Gad1-F-300148,LH_R,0.8177,341,417
Gad1-F-300156,LO_L,0.8119,164,202
Gad1-F-300167,FB,0.8647,115,133
Gad1-F-300177,FB,0.9323,303,325
Gad1-F-300187,ME_R,0.9718,414,426
Gad1-F-300193,SLP_L,0.9083,426,469
Gad1-F-300194,AVLP_L,0.8886,399,449
Gad1-F-300197,GNG,1.0000,483,483
Gad1-F-300201,FB,0.9279,103,111
Gad1-F-300213,AL_L,0.9325,1948,2089
Gad1-F-300216,SMP_R,0.9583,230,240
Gad1-F-300217,ME_L,1.0000,191,191
Gad1-F-300222,AL_L,0.9722,630,648
Gad1-F-300223,AL_R,0.9578,953,995
Gad1-F-300225,LO_L,0.8555,219,256
Gad1-F-300236,AVLP_L,0.8097,485,599
Gad1-F-300237,LO_L,0.8454,164,194
Gad1-F-300241,FB,0.8235,98,119
Gad1-F-300245,LO_R,0.9392,139,148
Gad1-F-300246,FB,0.8300,166,200
Gad1-F-300254,ME_L,0.8188,574,701
Gad1-F-300264,LO_L,0.8448,294,348
Gad1-F-300269,AL_L,1.0000,420,420
Gad1-F-300276,AL_R,0.9979,479,480
Gad1-F-300280,FB,0.9139,191,209
Gad1-F-300287,AL_L,0.9888,972,983
Gad1-F-300300,LO_L,0.8150,185,227
Gad1-F-300302,FB,0.8362,97,116
Gad1-F-300304,FB,0.8696,160,184
Gad1-F-300308,FB,1.0000,135,135
Gad1-F-300317,GNG,1.0000,407,407
Gad1-F-300319,LO_R,0.8487,129,152
Gad1-F-300323,FB,0.8378,124,148
Gad1-F-300332,LO_R,1.0000,131,131
Gad1-F-300354,AVLP_R,0.8908,106,119
Gad1-F-300358,LO_R,0.8089,182,225
Gad1-F-300374,AVLP_L,0.9908,324,327
Gad1-F-300401,ME_R,1.0000,428,428
Gad1-F-300406,LO_L,0.9500,19,20
Gad1-F-300410,AL_L,0.9464,1272,1344
Gad1-F-300413,AVLP_L,0.9690,219,226
Gad1-F-300422,FB,0.8852,162,183
Gad1-F-300430,FB,0.8844,199,225
Gad1-F-300434,FB,0.8176,139,170
Gad1-F-300436,AVLP_R,0.8927,208,233
Gad1-F-300448,LO_L,0.8199,214,261
Gad1-F-300455,AVLP_R,0.9464,247,261
Gad1-F-300457,AVLP_L,0.8790,109,124
Gad1-F-300463,LO_R,0.9919,122,123
Gad1-F-300466,LO_L,0.8344,252,302
Gad1-F-300469,LH_L,0.8916,181,203
Gad1-F-300473,LO_L,1.0000,142,142
Gad1-F-300476,LO_R,1.0000,124,124
Gad1-F-300497,LO_R,1.0000,64,64
Gad1-F-300499,LO_L,1.0000,163,163
Gad1-F-300501,FB,0.8091,89,110
Gad1-F-300502,LO_L,0.8011,141,176
Gad1-F-300508,PB,0.9710,201,207
Gad1-F-300511,FB,0.8418,133,158
Gad1-F-300522,LO_L,0.8931,234,262
Gad1-F-300533,LO_L,0.8344,131,157
Gad1-F-300534,LO_L,0.8000,92,115
Gad1-F-300540,LO_R,0.8799,381,433
Gad1-F-300543,FB,0.8295,73,88
Gad1-F-300549,ME_R,1.0000,57,57
Gad1-F-300557,LO_L,1.0000,217,217
Gad1-F-300559,LOP_L,0.9211,70,76
Gad1-F-300562,ME_L,0.8533,64,75
Gad1-F-300564,LO_R,0.8653,167,193
Gad1-F-300575,AL_L,0.9904,1645,1661
Gad1-F-300576,FB,0.8615,56,65
Gad1-F-300577,SLP_R,0.8136,384,472
Gad1-F-300580,ME_L,1.0000,93,93
Gad1-F-300585,LO_R,0.8876,79,89
Gad1-F-300589,FB,0.9421,114,121
Gad1-F-300590,LO_L,0.8500,68,80
Gad1-F-300591,FB,0.8402,163,194
Gad1-F-300593,LO_R,0.8451,251,297
Gad1-F-300605,GNG,1.0000,210,210
Gad1-F-300608,LO_R,1.0000,157,157
Gad1-F-300609,AL_L,0.9692,252,260
Gad1-F-300614,ME_R,1.0000,44,44
Gad1-F-300616,FB,0.8163,40,49
Gad1-F-300621,ME_L,0.9333,42,45
Gad1-F-300627,PB,1.0000,133,133
Gad1-F-300630,LO_L,0.8059,191,237
Gad1-F-300655,LO_R,0.8161,253,310
Gad1-F-300663,AVLP_R,0.8846,460,520
Gad1-F-300669,LO_L,1.0000,79,79
Gad1-F-300670,LO_L,1.0000,74,74
Gad1-F-300675,LOP_L,0.8189,104,127
Gad1-F-300676,AL_R,0.9205,1563,1698
Gad1-F-300678,ME_L,1.0000,41,41
Gad1-F-300681,AVLP_L,0.8314,217,261
Gad1-F-300682,FB,0.9362,44,47
Gad1-F-300688,LO_R,1.0000,402,402
Gad1-F-300695,LO_L,0.9324,69,74
Gad1-F-300696,FB,0.9351,173,185
Gad1-F-300700,LO_L,0.9779,177,181
Gad1-F-300716,LO_R,0.8261,133,161
Gad1-F-300722,AL_L,0.9776,349,357
Gad1-F-300723,LO_L,0.9750,234,240
Gad1-F-300730,ME_L,1.0000,20,20
Gad1-F-300731,LO_R,0.8067,217,269
Gad1-F-300734,LH_L,0.8964,173,193
Gad1-F-300737,ME_R,1.0000,24,24
Gad1-F-300744,LO_L,1.0000,99,99
Gad1-F-300745,LH_L,0.8545,364,426
Gad1-F-300750,LO_R,0.9412,176,187
Gad1-F-300751,ME_R,1.0000,53,53
Gad1-F-300752,ME_R,1.0000,136,136
Gad1-F-300755,ME_L,1.0000,45,45
Gad1-F-300756,FB,0.8250,132,160
Gad1-F-300758,ME_R,1.0000,22,22
Gad1-F-300759,ME_R,1.0000,37,37
Gad1-F-300764,ME_R,1.0000,31,31
Gad1-F-300765,LO_L,1.0000,119,119
Gad1-F-300767,LO_L,0.8716,190,218
Gad1-F-300769,ME_R,0.8354,66,79
Gad1-F-300770,LO_L,0.8544,135,158
Gad1-F-300774,ME_L,1.0000,1,1
Gad1-F-300777,ME_L,1.0000,29,29
Gad1-F-300778,ME_L,1.0000,16,16
Gad1-F-300779,ME_R,0.8889,24,27
Gad1-F-300781,ME_L,0.8452,71,84
Gad1-F-300783,LH_L,0.8884,207,233
Gad1-F-300795,ME_L,1.0000,34,34
Gad1-F-300798,AL_R,0.9485,1914,2018
Gad1-F-300802,FB,0.9043,104,115
Gad1-F-300809,AL_L,1.0000,239,239
Gad1-F-300811,LOP_R,0.8125,52,64
Gad1-F-300813,ME_R,0.8074,109,135
Gad1-F-300816,LO_L,0.8165,129,158
Gad1-F-300817,ME_L,1.0000,25,25
Gad1-F-300821,ME_L,1.0000,47,47
Gad1-F-300822,ME_L,1.0000,32,32
Gad1-F-300824,LOP_R,0.8947,170,190
Gad1-F-300825,ME_R,1.0000,35,35
Gad1-F-300826,ME_R,1.0000,30,30
Gad1-F-300832,ME_L,0.8889,56,63
Gad1-F-300838,ME_R,1.0000,28,28
Gad1-F-300839,AVLP_R,0.8271,177,214
Gad1-F-300846,ME_R,0.9149,43,47
Gad1-F-300847,LO_R,1.0000,189,189
Gad1-F-300851,ME_L,1.0000,23,23
Gad1-F-300852,ME_R,0.8400,42,50
Gad1-F-300861,LOP_L,1.0000,137,137
Gad1-F-300864,ME_R,1.0000,26,26
Gad1-F-400043,LO_L,1.0000,49,49
Gad1-F-400045,LOP_L,1.0000,31,31
Gad1-F-400046,LOP_L,1.0000,54,54
Gad1-F-400060,AL_L,0.9887,2095,2119
Gad1-F-400079,LO_R,1.0000,110,110
Gad1-F-400083,FB,0.8667,78,90
Gad1-F-400103,FB,0.8175,103,126
Gad1-F-400106,FB,0.8182,72,88
Gad1-F-400111,PB,0.9767,378,387
Gad1-F-400123,ME_R,1.0000,192,192
Gad1-F-400124,LH_R,0.9000,333,370
Gad1-F-400127,SMP_R,0.9659,396,410
Gad1-F-400128,LO_L,0.8587,650,757
Gad1-F-400136,PB,0.9898,290,293
Gad1-F-400137,ME_L,1.0000,225,225
Gad1-F-400139,AL_R,0.8578,525,612
Gad1-F-400141,LO_R,0.8155,168,206
Gad1-F-400144,SLP_L,0.9897,287,290
Gad1-F-400146,AVLP_R,1.0000,257,257
Gad1-F-400155,SLP_L,0.8047,511,635
Gad1-F-400162,SLP_L,0.8018,352,439
Gad1-F-400187,SMP_L,0.8996,206,229
Gad1-F-400194,AVLP_R,0.9499,341,359
Gad1-F-400201,FB,0.8455,186,220
Gad1-F-400203,LO_R,0.8361,51,61
Gad1-F-400216,AVLP_L,0.9955,223,224
Gad1-F-400220,SMP_R,0.8297,263,317
Gad1-F-400227,FB,0.9321,151,162
Gad1-F-400235,LO_R,1.0000,101,101
Gad1-F-400246,FB,0.9259,100,108
Gad1-F-400248,AL_L,0.8472,244,288
Gad1-F-400251,AL_R,0.9502,1240,1305
Gad1-F-400256,PB,0.9961,257,258
Gad1-F-400266,FB,0.8780,108,123
Gad1-F-400274,FB,0.8036,135,168
Gad1-F-400279,SMP_L,0.9753,434,445
Gad1-F-400284,AL_R,0.9167,66,72
Gad1-F-400285,FB,0.9290,157,169
Gad1-F-400291,AL_R,0.9927,542,546
Gad1-F-400296,LOP_L,0.8187,131,160
Gad1-F-400297,ME_L,1.0000,25,25
Gad1-F-400302,FB,0.9020,276,306
Gad1-F-400310,AVLP_L,0.8450,229,271
Gad1-F-400323,AL_L,0.9787,367,375
Gad1-F-400330,LO_L,0.9422,163,173
Gad1-F-400333,AVLP_L,0.8299,327,394
Gad1-F-400336,FB,0.8158,62,76
Gad1-F-400337,LO_L,0.9778,308,315
Gad1-F-400338,AVLP_R,0.9972,355,356
Gad1-F-400342,ME_R,1.0000,149,149
Gad1-F-400357,AVLP_L,0.9039,715,791
Gad1-F-400362,AVLP_L,0.8966,104,116
Gad1-F-400377,LO_R,1.0000,293,293
Gad1-F-400392,AVLP_R,0.9596,190,198
Gad1-F-400397,SMP_L,0.8249,490,594
Gad1-F-400398,FB,0.9431,116,123
Gad1-F-400415,FB,0.9255,236,255
Gad1-F-400417,AL_R,0.9704,917,945
Gad1-F-400421,AVLP_L,0.8102,111,137
Gad1-F-400427,AL_L,0.9902,609,615
Gad1-F-400429,LO_L,0.9545,21,22
Gad1-F-400431,LO_L,1.0000,144,144
Gad1-F-400433,FB,0.8943,110,123
Gad1-F-400434,LOP_L,0.8514,149,175
Gad1-F-400440,GNG,0.8935,512,573
Gad1-F-400452,GNG,1.0000,340,340
Gad1-F-400461,AVLP_R,1.0000,78,78
Gad1-F-400462,LO_R,0.8397,131,156
Gad1-F-400469,AVLP_L,0.8263,409,495
Gad1-F-400473,AL_R,0.9042,1303,1441
Gad1-F-400480,LOP_L,0.9620,152,158
Gad1-F-400481,FB,0.9318,123,132
Gad1-F-400483,FB,0.9060,212,234
Gad1-F-400484,LH_R,0.9910,220,222
Gad1-F-400509,SMP_L,0.8056,87,108
Gad1-F-400511,AL_R,0.9366,251,268
Gad1-F-400516,ME_R,0.9789,232,237
Gad1-F-400520,AL_L,0.9902,1417,1431
Gad1-F-400528,FB,0.8413,175,208
Gad1-F-400529,FB,0.8077,63,78
Gad1-F-400541,LO_L,0.8162,191,234
Gad1-F-400550,AVLP_L,0.8438,81,96
Gad1-F-400573,ME_L,1.0000,12,12
Gad1-F-400575,LOP_R,0.9709,267,275
Gad1-F-400586,ME_L,1.0000,165,165
Gad1-F-400588,ME_R,0.8202,146,178
Gad1-F-400590,ME_L,1.0000,14,14
Gad1-F-400598,LH_L,0.8154,265,325
Gad1-F-400612,PB,0.9873,155,157
Gad1-F-400623,ME_R,1.0000,60,60
Gad1-F-400624,ME_R,1.0000,63,63
Gad1-F-400629,ME_L,0.8682,112,129
Gad1-F-400635,LO_L,1.0000,132,132
Gad1-F-400642,LOP_L,1.0000,24,24
Gad1-F-400643,LO_R,0.8987,71,79
Gad1-F-400645,AL_R,0.9632,157,163
Gad1-F-400648,ME_R,1.0000,26,26
Gad1-F-400654,LH_L,0.9231,288,312
Gad1-F-400658,LO_L,0.8143,171,210
Gad1-F-400667,AL_R,0.9679,241,249
Gad1-F-400677,LOP_R,0.9800,49,50
Gad1-F-400679,ME_L,0.8000,52,65
Gad1-F-400687,ME_L,1.0000,64,64
Gad1-F-400691,ME_L,1.0000,25,25
Gad1-F-400693,LOP_R,0.9211,35,38
Gad1-F-400705,AVLP_R,1.0000,291,291
Gad1-F-400712,ME_R,0.8085,76,94
Gad1-F-400713,ME_R,1.0000,39,39
Gad1-F-400715,LO_L,0.8261,152,184
Gad1-F-400720,AVLP_L,0.8999,854,949
Gad1-F-400741,LO_R,0.9811,104,106
Gad1-F-400742,ME_R,1.0000,42,42
Gad1-F-400743,LOP_R,1.0000,38,38
Gad1-F-400747,ME_R,1.0000,293,293
Gad1-F-400761,AVLP_L,0.9825,56,57
Gad1-F-400765,LO_R,0.8194,177,216
Gad1-F-400767,ME_R,1.0000,42,42
Gad1-F-400768,LO_L,1.0000,128,128
Gad1-F-400774,AVLP_L,1.0000,333,333
Gad1-F-400778,FB,0.8011,141,176
Gad1-F-400787,LO_L,1.0000,107,107
Gad1-F-400788,LO_L,0.8203,210,256
Gad1-F-400791,LOP_R,0.8750,112,128
Gad1-F-400793,LO_L,0.8013,125,156
Gad1-F-400801,LO_R,0.9943,174,175
Gad1-F-400815,ME_R,1.0000,14,14
Gad1-F-400816,LO_R,0.9191,125,136
Gad1-F-400821,ME_R,1.0000,43,43
Gad1-F-400824,AL_R,0.9317,1404,1507
Gad1-F-400828,ME_R,1.0000,45,45
Gad1-F-400829,ME_R,1.0000,24,24
Gad1-F-400830,AVLP_L,0.8737,422,483
Gad1-F-400840,ME_R,1.0000,39,39
Gad1-F-400845,ME_L,1.0000,36,36
Gad1-F-400847,FB,0.9288,287,309
Gad1-F-400849,GNG,0.9509,445,468
Gad1-F-400850,ME_L,1.0000,50,50
Gad1-F-400851,ME_L,1.0000,23,23
Gad1-F-400855,FB,0.8605,37,43
Gad1-F-400863,ME_L,1.0000,44,44
Gad1-F-400864,ME_L,1.0000,25,25
Gad1-F-400865,ME_L,1.0000,47,47
Gad1-F-400866,ME_L,0.8667,39,45
Gad1-F-400869,GNG,0.9243,232,251
Gad1-F-400870,ME_R,1.0000,36,36
Gad1-F-400874,LO_R,1.0000,78,78
Gad1-F-400876,ME_R,0.9767,84,86
Gad1-F-400882,ME_R,1.0000,92,92
Gad1-F-400887,LO_L,0.8212,147,179
Gad1-F-400888,ME_L,1.0000,64,64
Gad1-F-400899,ME_R,1.0000,4,4
Gad1-F-400900,FB,0.8352,76,91
Gad1-F-400906,ME_R,1.0000,76,76
Gad1-F-400907,ME_R,0.8246,47,57
Gad1-F-400910,ME_R,1.0000,45,45
Gad1-F-400911,ME_R,1.0000,17,17
Gad1-F-400914,ME_R,1.0000,510,510
Gad1-F-400923,FB,0.8344,136,163
Gad1-F-500016,PB,0.9119,145,159
Gad1-F-500026,FB,0.9308,148,159
Gad1-F-500027,FB,0.8957,189,211
Gad1-F-500031,AVLP_R,1.0000,158,158
Gad1-F-500038,LH_R,0.8400,147,175
Gad1-F-500039,LO_R,1.0000,140,140
Gad1-F-500040,AL_L,0.9800,1472,1502
Gad1-F-500072,ME_L,1.0000,34,34
Gad1-F-500075,ME_L,1.0000,39,39
Gad1-F-500076,FB,0.8971,61,68
Gad1-F-500082,LOP_L,0.8134,231,284
Gad1-F-500092,FB,0.8152,150,184
Gad1-F-500096,FB,0.9756,40,41
Gad1-F-500103,AVLP_L,1.0000,157,157
Gad1-F-500107,FB,0.8043,185,230
Gad1-F-500118,FB,0.9231,120,130
Gad1-F-500124,AVLP_L,1.0000,180,180
Gad1-F-500125,ME_L,1.0000,41,41
Gad1-F-500138,FB,0.8418,133,158
Gad1-F-500141,AL_R,0.9710,368,379
Gad1-F-500148,FB,0.8806,118,134
Gad1-F-500151,FB,0.8519,46,54
Gad1-F-500157,FB,0.8044,181,225
Gad1-F-500161,FB,0.8529,145,170
Gad1-F-500162,LO_R,0.8748,699,799
Gad1-F-500163,AL_L,0.9694,538,555
Gad1-F-500166,FB,0.8369,118,141
Gad1-F-500169,AVLP_L,1.0000,200,200
Gad1-F-500178,LH_R,0.9289,183,197
Gad1-F-500194,LO_L,1.0000,88,88
Gad1-F-500196,LH_R,0.8267,334,404
Gad1-F-500202,AL_L,0.9897,192,194
Gad1-F-500208,AVLP_L,1.0000,164,164
Gad1-F-500219,FB,0.8504,216,254
Gad1-F-500230,FB,0.9577,136,142
Gad1-F-500238,FB,0.9130,126,138
Gad1-F-500240,FB,0.8857,248,280
Gad1-F-500247,ME_R,1.0000,165,165
Gad1-F-500251,FB,0.8000,36,45
Gad1-F-500261,AL_L,1.0000,297,297
Gad1-F-500267,AL_R,0.8571,156,182
Gad1-F-500279,AVLP_R,0.9658,367,380
Gad1-F-500281,LH_R,0.9274,217,234
Gad1-F-500286,AL_L,0.9904,1233,1245
Gad1-F-500287,FB,0.9626,103,107
Gad1-F-500289,FB,0.8650,205,237
Gad1-F-500291,FB,0.9569,244,255
Gad1-F-500292,AVLP_L,0.9486,240,253
Gad1-F-500293,AL_L,0.9730,433,445
Gad1-F-500297,AVLP_R,0.9574,247,258
Gad1-F-500304,AVLP_R,0.8279,303,366
Gad1-F-500320,AVLP_L,0.9072,352,388
Gad1-F-500323,AL_R,0.9092,531,584
Gad1-F-500324,AVLP_L,0.9885,172,174
Gad1-F-500331,AVLP_L,0.9187,147,160
Gad1-F-500336,AVLP_L,1.0000,146,146
Gad1-F-500337,ME_L,0.9068,107,118
Gad1-F-500343,AL_L,0.8919,165,185
Gad1-F-500346,LOP_R,0.8750,49,56
Gad1-F-500347,AL_L,0.9839,1162,1181
Gad1-F-500348,AL_R,0.9331,767,822
Gad1-F-500349,AVLP_L,0.9079,503,554
Gad1-F-500353,ME_R,1.0000,202,202
Gad1-F-500358,AL_R,0.9411,1359,1444
Gad1-F-500361,LO_R,0.8346,227,272
Gad1-F-500366,LO_L,1.0000,134,134
Gad1-F-500367,FB,0.8053,91,113
Gad1-F-500368,AVLP_L,0.9744,114,117
Gad1-F-500369,ME_L,0.8165,129,158
Gad1-F-500371,ME_L,0.9270,127,137
Gad1-F-500373,ME_R,1.0000,298,298
Gad1-F-500374,FB,0.9106,112,123
Gad1-F-500376,GNG,0.9894,375,379
Gad1-F-500377,ME_L,1.0000,209,209
Gad1-F-500378,GNG,1.0000,233,233
Gad1-F-500379,ME_L,0.8883,310,349
Gad1-F-500382,AL_R,0.9252,470,508
Gad1-F-500388,LO_R,1.0000,425,425
Gad1-F-500389,LO_R,0.8380,181,216
Gad1-F-500430,LOP_R,0.9767,42,43
Gad1-F-500434,LO_R,1.0000,70,70
Gad1-F-500443,LO_L,1.0000,100,100
Gad1-F-500444,LO_L,0.9174,100,109
Gad1-F-500448,LO_L,1.0000,117,117
Gad1-F-500449,LO_L,0.8060,162,201
Gad1-F-500450,ME_L,1.0000,68,68
Gad1-F-500459,FB,0.8799,249,283
Gad1-F-500465,FB,0.8219,60,73
Gad1-F-500466,FB,0.8914,238,267
Gad1-F-500470,AL_L,0.9919,1347,1358
Gad1-F-500476,LO_L,1.0000,102,102
Gad1-F-500479,AL_L,0.9907,428,432
Gad1-F-500485,LO_L,1.0000,206,206
Gad1-F-500487,LO_R,1.0000,152,152
Gad1-F-500488,ME_R,1.0000,106,106
Gad1-F-500490,AVLP_R,0.9786,229,234
Gad1-F-500492,LO_L,0.8187,140,171
Gad1-F-500495,FB,0.8889,40,45
Gad1-F-500499,FB,0.8088,110,136
Gad1-F-500502,LOP_R,0.8504,199,234
Gad1-F-500506,LO_L,1.0000,87,87
Gad1-F-500513,FB,0.9339,240,257
Gad1-F-500514,AVLP_R,0.9902,203,205
Gad1-F-500518,ME_R,1.0000,55,55
Gad1-F-500527,ME_R,1.0000,112,112
Gad1-F-500529,LO_L,0.8462,440,520
Gad1-F-500531,AVLP_L,0.9606,439,457
Gad1-F-500534,ME_L,1.0000,64,64
Gad1-F-500535,LH_R,0.9157,239,261
Gad1-F-500536,LO_R,0.9568,133,139
Gad1-F-500537,ME_R,1.0000,20,20
Gad1-F-500539,LO_L,0.8227,116,141
Gad1-F-500545,LH_R,0.8182,198,242
Gad1-F-500551,ME_R,0.8060,108,134
Gad1-F-500555,ME_L,1.0000,29,29
Gad1-F-500556,AVLP_L,1.0000,199,199
Gad1-F-500557,AVLP_L,0.9943,175,176
Gad1-F-500562,LOP_L,0.9873,310,314
Gad1-F-500565,AVLP_L,0.9401,251,267
Gad1-F-500566,ME_L,1.0000,50,50
Gad1-F-500572,LOP_R,0.8793,51,58
Gad1-F-500575,AVLP_L,0.8825,368,417
Gad1-F-500578,LO_L,0.8067,121,150
Gad1-F-500579,LO_R,1.0000,311,311
Gad1-F-500581,LO_L,1.0000,422,422
Gad1-F-500582,AVLP_R,0.9591,375,391
Gad1-F-500590,ME_L,1.0000,18,18
Gad1-F-500596,AL_R,0.9961,254,255
Gad1-F-500597,LOP_R,0.8333,15,18
Gad1-F-500598,FB,0.8545,182,213
Gad1-F-500600,ME_L,0.9474,18,19
Gad1-F-500605,LO_R,0.8357,117,140
Gad1-F-500610,LO_R,0.9916,118,119
Gad1-F-500615,AVLP_L,0.9554,214,224
Gad1-F-500630,LOP_L,0.9935,153,154
Gad1-F-500632,ME_L,1.0000,48,48
Gad1-F-500635,LO_L,1.0000,357,357
Gad1-F-500636,AVLP_L,0.9055,249,275
Gad1-F-500639,SLP_R,0.9561,392,410
Gad1-F-500640,LOP_R,0.9397,109,116
Gad1-F-500663,LO_R,1.0000,179,179
Gad1-F-500665,LO_L,0.8053,91,113
Gad1-F-500667,LO_R,0.9542,271,284
Gad1-F-500677,ME_R,1.0000,9,9
Gad1-F-500685,AVLP_R,1.0000,164,164
Gad1-F-500687,ME_R,0.8203,210,256
Gad1-F-500690,FB,0.8759,127,145
Gad1-F-500694,ME_R,1.0000,117,117
Gad1-F-500697,AL_R,0.9583,1355,1414
Gad1-F-500704,AL_R,0.8475,300,354
Gad1-F-500710,LH_L,0.9103,142,156
Gad1-F-500721,FB,0.8601,166,193
Gad1-F-500724,ME_L,0.9661,513,531
Gad1-F-500732,ME_R,1.0000,27,27
Gad1-F-500735,LOP_L,1.0000,34,34
Gad1-F-500736,FB,0.9879,163,165
Gad1-F-500742,LO_L,0.8108,120,148
Gad1-F-500746,ME_L,0.8440,92,109
Gad1-F-500762,AVLP_R,0.8881,127,143
Gad1-F-500764,LH_L,0.9231,168,182
Gad1-F-500768,ME_L,1.0000,51,51
Gad1-F-500776,AVLP_R,0.9058,375,414
Gad1-F-500782,ME_R,1.0000,41,41
Gad1-F-500787,AL_R,0.8966,347,387
Gad1-F-500791,LOP_L,0.9960,248,249
Gad1-F-500792,ME_L,1.0000,53,53
Gad1-F-500793,ME_L,0.8556,154,180
Gad1-F-500806,ME_R,0.9455,642,679
Gad1-F-500808,ME_R,0.9091,40,44
Gad1-F-500809,ME_R,1.0000,279,279
Gad1-F-500810,ME_R,1.0000,4,4
Gad1-F-500811,ME_R,1.0000,67,67
Gad1-F-500814,LOP_L,0.9612,198,206
Gad1-F-500821,ME_R,1.0000,36,36
Gad1-F-500822,ME_R,1.0000,5,5
Gad1-F-500826,ME_R,1.0000,95,95
Gad1-F-500827,ME_R,1.0000,34,34
Gad1-F-500830,LO_L,0.8148,22,27
Gad1-F-500831,ME_R,1.0000,127,127
Gad1-F-500840,ME_R,0.8241,89,108
Gad1-F-500849,ME_R,1.0000,34,34
Gad1-F-500850,ME_L,1.0000,21,21
Gad1-F-500852,ME_R,0.8088,55,68
Gad1-F-600004,FB,0.8696,120,138
Gad1-F-600007,LO_L,0.8345,121,145
Gad1-F-600008,FB,0.8895,161,181
Gad1-F-600011,FB,0.8554,142,166
Gad1-F-600021,AL_L,0.9438,252,267
Gad1-F-600027,AL_L,1.0000,171,171
Gad1-F-600044,LO_L,1.0000,10,10
Gad1-F-600062,FB,0.8596,49,57
Gad1-F-600063,AL_R,0.9304,441,474
Gad1-F-600069,FB,0.8681,158,182
Gad1-F-600079,LO_R,0.8217,106,129
Gad1-F-600094,GNG,1.0000,341,341
Gad1-F-600097,LO_L,1.0000,126,126
Gad1-F-600098,LO_R,1.0000,100,100
Gad1-F-600103,LAL_R,0.8639,254,294
Gad1-F-600104,AVLP_L,0.9327,319,342
Gad1-F-600110,FB,0.8529,145,170
Gad1-F-600120,AVLP_L,0.8735,145,166
Gad1-F-600138,LO_L,1.0000,101,101
Gad1-F-600141,AL_L,0.9612,1240,1290
Gad1-F-600158,LO_R,1.0000,123,123
Gad1-F-600160,AVLP_R,1.0000,379,379
Gad1-F-600172,LO_L,0.9901,100,101
Gad1-F-600178,FB,0.8923,116,130
Gad1-F-600183,FB,0.8672,222,256
Gad1-F-600184,AL_R,0.9176,345,376
Gad1-F-600186,AL_L,0.8735,214,245
Gad1-F-600188,FB,0.8361,199,238
Gad1-F-600192,ME_L,1.0000,126,126
Gad1-F-600196,LO_L,0.8084,249,308
Gad1-F-600209,FB,0.8700,174,200
Gad1-F-600215,LO_R,1.0000,200,200
Gad1-F-600223,AL_L,0.9749,854,876
Gad1-F-600227,FB,0.9024,148,164
Gad1-F-600236,FB,0.8295,107,129
Gad1-F-600241,LH_L,0.8289,155,187
Gad1-F-600250,FB,0.8539,76,89
Gad1-F-600256,AVLP_L,0.9969,325,326
Gad1-F-600266,LOP_R,1.0000,23,23
Gad1-F-600267,PB,1.0000,71,71
Gad1-F-600271,AVLP_R,1.0000,233,233
Gad1-F-600274,AVLP_L,0.8750,203,232
Gad1-F-600275,AVLP_R,0.9211,105,114
Gad1-F-600277,AVLP_R,1.0000,112,112
Gad1-F-600283,LO_L,1.0000,140,140
Gad1-F-600285,LO_R,1.0000,80,80
Gad1-F-600286,LO_R,1.0000,152,152
Gad1-F-600287,ME_R,1.0000,49,49
Gad1-F-600289,AL_L,0.9538,1674,1755
Gad1-F-600299,AL_R,0.9560,739,773
Gad1-F-600304,AL_R,0.9181,1547,1685
Gad1-F-600306,AVLP_R,0.9429,297,315
Gad1-F-600307,AL_L,0.9347,1503,1608
Gad1-F-600317,AVLP_L,0.9524,280,294
Gad1-F-600321,LO_L,0.9496,113,119
Gad1-F-600324,AL_R,0.8775,709,808
Gad1-F-600328,LO_L,0.8284,338,408
Gad1-F-600332,ME_L,1.0000,12,12
Gad1-F-600333,FB,0.8824,45,51
Gad1-F-600341,FB,0.9352,101,108
Gad1-F-600348,FB,0.8571,156,182
Gad1-F-600352,LO_R,0.8134,109,134
Gad1-F-600363,ME_R,1.0000,117,117
Gad1-F-600365,PB,1.0000,227,227
Gad1-F-600366,LO_L,1.0000,170,170
Gad1-F-600382,AVLP_L,1.0000,172,172
Gad1-F-600383,LO_L,0.8129,126,155
Gad1-F-600384,LH_R,0.8650,205,237
Gad1-F-600385,ME_R,1.0000,27,27
Gad1-F-600389,LO_R,0.8021,150,187
Gad1-F-600412,LO_R,0.8323,129,155
Gad1-F-600413,LO_L,0.9691,157,162
Gad1-F-600416,ME_R,0.8108,60,74
Gad1-F-600423,LO_R,1.0000,337,337
Gad1-F-600427,LO_L,0.9091,30,33
Gad1-F-600428,LO_R,1.0000,105,105
Gad1-F-600432,FB,0.8022,73,91
Gad1-F-600435,LO_L,0.9809,360,367
Gad1-F-600440,ME_R,0.8763,170,194
Gad1-F-600441,ME_R,1.0000,14,14
Gad1-F-600448,ME_L,1.0000,40,40
Gad1-F-600463,ME_R,1.0000,48,48
Gad1-F-600468,LO_R,1.0000,170,170
Gad1-F-600475,AL_R,0.9757,1246,1277
Gad1-F-600478,LO_L,1.0000,138,138
Gad1-F-600481,FB,0.8571,90,105
Gad1-F-600484,LO_L,1.0000,196,196
Gad1-F-600487,LO_L,0.8753,365,417
Gad1-F-600494,FB,0.8676,118,136
Gad1-F-600502,LO_R,0.9630,78,81
Gad1-F-600524,LO_L,0.8554,574,671
Gad1-F-600525,LH_R,0.8539,298,349
Gad1-F-600527,LH_R,0.9568,177,185
Gad1-F-600528,AVLP_R,0.9963,270,271
Gad1-F-600530,AL_L,0.9268,266,287
Gad1-F-600531,GNG,0.9348,745,797
Gad1-F-600538,ME_L,0.9519,178,187
Gad1-F-600544,LO_L,1.0000,158,158
Gad1-F-600547,LOP_R,0.9924,131,132
Gad1-F-600555,LO_L,0.8713,176,202
Gad1-F-600556,AVLP_R,0.9786,275,281
Gad1-F-600558,LO_R,0.8288,184,222
Gad1-F-600560,AL_L,0.9213,199,216
Gad1-F-600567,ME_R,0.8077,63,78
Gad1-F-600583,LO_R,1.0000,142,142
Gad1-F-600587,LO_R,1.0000,77,77
Gad1-F-600592,LO_R,0.9910,110,111
Gad1-F-600594,AL_R,0.8447,1354,1603
Gad1-F-600600,FB,0.8409,111,132
Gad1-F-600609,FB,0.9152,151,165
Gad1-F-600616,ME_R,1.0000,36,36
Gad1-F-600618,ME_L,1.0000,38,38
Gad1-F-600630,LO_R,0.8171,143,175
Gad1-F-600631,LO_L,0.8155,252,309
Gad1-F-600644,FB,0.8935,151,169
Gad1-F-600647,LOP_L,0.8661,97,112
Gad1-F-600649,LO_R,0.8469,166,196
Gad1-F-600653,ME_R,1.0000,28,28
Gad1-F-600657,AL_L,0.9872,695,704
Gad1-F-600659,LO_L,1.0000,157,157
Gad1-F-600662,AL_R,0.9571,938,980
Gad1-F-600664,LH_R,0.9003,614,682
Gad1-F-600669,LO_R,0.9587,209,218
Gad1-F-600674,AL_R,0.9200,863,938
Gad1-F-600676,AL_L,0.8134,484,595
Gad1-F-600677,AVLP_R,1.0000,236,236
Gad1-F-600684,AL_R,0.9853,134,136
Gad1-F-600690,LO_L,1.0000,137,137
Gad1-F-600694,ME_R,0.8037,86,107
Gad1-F-600698,ME_L,1.0000,59,59
Gad1-F-600701,ME_L,1.0000,37,37
Gad1-F-600702,ME_L,1.0000,60,60
Gad1-F-600703,LH_R,0.8719,177,203
Gad1-F-600710,ME_R,1.0000,142,142
Gad1-F-600716,ME_R,1.0000,70,70
Gad1-F-600717,ME_R,1.0000,71,71
Gad1-F-600718,ME_L,0.9324,69,74
Gad1-F-600719,LH_R,0.9514,176,185
Gad1-F-600722,ME_L,1.0000,41,41
Gad1-F-600724,LO_R,0.9538,165,173
Gad1-F-600733,ME_R,1.0000,87,87
Gad1-F-600735,ME_R,0.8621,25,29
Gad1-F-600737,ME_R,0.8333,30,36
Gad1-F-700005,FB,0.9076,167,184
Gad1-F-700013,AVLP_L,1.0000,110,110
Gad1-F-700023,PVLP_R,0.8636,57,66
Gad1-F-700035,PB,0.8263,138,167
Gad1-F-700036,LO_R,0.8101,128,158
Gad1-F-700042,FB,0.9123,52,57
Gad1-F-700043,AL_L,0.8784,260,296
Gad1-F-700045,LO_R,1.0000,99,99
Gad1-F-700054,AVLP_R,0.9617,226,235
Gad1-F-700055,ME_R,0.8192,213,260
Gad1-F-700063,FB,0.8195,109,133
Gad1-F-700068,FB,0.8500,153,180
Gad1-F-700069,FB,0.8603,117,136
Gad1-F-700080,FB,0.8667,104,120
Gad1-F-700085,ME_R,0.9851,132,134
Gad1-F-700097,FB,0.8421,160,190
Gad1-F-700098,EB,0.8486,185,218
Gad1-F-700103,FB,0.9239,182,197
Gad1-F-700104,LH_R,0.9323,234,251
Gad1-F-700105,AL_R,0.9163,394,430
Gad1-F-700106,LH_L,0.9718,138,142
Gad1-F-700108,LH_L,0.9040,160,177
Gad1-F-700113,FB,0.8711,223,256
Gad1-F-700128,FB,0.9026,241,267
Gad1-F-700140,SMP_L,0.8911,360,404
Gad1-F-700141,AL_L,0.9964,556,558
Gad1-F-700151,LH_R,0.8202,146,178
Gad1-F-700162,AL_L,0.9869,602,610
Gad1-F-700164,FB,0.8661,110,127
Gad1-F-700167,AL_R,0.8846,483,546
Gad1-F-700172,AL_R,0.8582,460,536
Gad1-F-700194,FB,0.8065,100,124
Gad1-F-700196,AL_R,0.9678,421,435
Gad1-F-700200,AVLP_R,1.0000,184,184
Gad1-F-700201,GNG,1.0000,206,206
Gad1-F-700205,IPS_L,0.8049,33,41
Gad1-F-700209,AOTU_R,0.8375,67,80
Gad1-F-700210,AVLP_R,0.9785,319,326
Gad1-F-700212,FB,0.9521,139,146
Gad1-F-700213,FB,0.9346,100,107
Gad1-F-700214,FB,0.8308,162,195
Gad1-F-700215,FB,0.8841,122,138
Gad1-F-700216,FB,0.8235,70,85
Gad1-F-700218,FB,0.9520,119,125
Gad1-F-700222,GNG,1.0000,249,249
Gad1-F-700226,GNG,0.9956,226,227
Gad1-F-700233,FB,0.8167,147,180
Gad1-F-700239,AL_L,0.8692,372,428
Gad1-F-700244,FB,0.9697,128,132
Gad1-F-700247,LOP_R,1.0000,29,29
Gad1-F-700248,LO_R,0.8041,78,97
Gad1-F-700252,AL_R,0.9826,395,402
Gad1-F-700255,FB,0.9231,348,377
Gad1-F-700258,LH_R,0.9018,294,326
Gad1-F-700265,SMP_L,0.8455,104,123
Gad1-F-700276,AL_R,1.0000,320,320
Gad1-F-700277,AVLP_L,0.8608,235,273
Gad1-F-700278,AVLP_L,0.9219,118,128
Gad1-F-700294,AL_L,0.9897,1350,1364
Gad1-F-700296,FB,0.8448,196,232
Gad1-F-700302,LO_R,1.0000,110,110
Gad1-F-700308,ME_L,1.0000,126,126
Gad1-F-700311,AVLP_L,0.9789,139,142
Gad1-F-700318,LO_R,0.8836,281,318
Gad1-F-700319,LO_L,0.8009,177,221
Gad1-F-700321,LO_R,1.0000,142,142
Gad1-F-700322,ME_R,1.0000,117,117
Gad1-F-700323,ME_R,1.0000,265,265
Gad1-F-700324,LOP_L,0.8361,51,61
Gad1-F-700327,PB,0.9805,252,257
Gad1-F-700333,SMP_L,0.8508,268,315
Gad1-F-700338,LO_R,1.0000,349,349
Gad1-F-700352,LO_R,0.8197,191,233
Gad1-F-700353,LO_R,0.8571,192,224
Gad1-F-700365,LO_L,0.8458,214,253
Gad1-F-700367,AVLP_L,0.9876,159,161
Gad1-F-700369,PB,1.0000,102,102
Gad1-F-700380,LO_L,0.8066,221,274
Gad1-F-700381,EB,0.8043,185,230
Gad1-F-700385,LO_R,0.8035,184,229
Gad1-F-700408,ME_R,1.0000,41,41
Gad1-F-700409,ME_R,1.0000,371,371
Gad1-F-700410,AL_L,0.9977,440,441
Gad1-F-700419,GNG,1.0000,693,693
Gad1-F-700428,LO_L,0.8192,222,271
Gad1-F-700430,LO_L,0.9516,118,124
Gad1-F-700436,LO_L,0.9686,154,159
Gad1-F-700449,LO_L,0.9483,165,174
Gad1-F-700454,LO_L,0.9917,119,120
Gad1-F-700455,GNG,1.0000,162,162
Gad1-F-700459,LO_L,0.8193,136,166
Gad1-F-700461,LO_L,1.0000,92,92
Gad1-F-700463,AVLP_R,1.0000,82,82
Gad1-F-700466,ME_R,0.9831,58,59
Gad1-F-700471,AL_R,0.8247,127,154
Gad1-F-700473,AVLP_R,0.9667,232,240
Gad1-F-700477,LO_L,0.8153,203,249
Gad1-F-700480,LO_R,1.0000,151,151
Gad1-F-700486,FB,0.8036,90,112
Gad1-F-700487,FB,0.8317,168,202
Gad1-F-700488,AL_R,0.9477,1231,1299
Gad1-F-700489,LO_L,0.8097,251,310
Gad1-F-700490,AL_R,0.9118,455,499
Gad1-F-700491,LO_R,0.8577,428,499
Gad1-F-700493,AL_L,0.9874,784,794
Gad1-F-700501,LH_L,0.8228,195,237
Gad1-F-700502,LH_R,0.9322,165,177
Gad1-F-700503,LO_L,0.8280,154,186
Gad1-F-700504,LO_L,0.8394,230,274
Gad1-F-700516,LO_R,0.8500,17,20
Gad1-F-700520,FB,0.8288,121,146
Gad1-F-700527,LO_L,1.0000,118,118
Gad1-F-700528,FB,0.8506,131,154
Gad1-F-700530,LO_L,0.8030,163,203
Gad1-F-700535,LO_R,0.9714,68,70
Gad1-F-700536,ME_R,1.0000,31,31
Gad1-F-700541,LO_R,1.0000,218,218
Gad1-F-700544,AL_R,0.8409,370,440
Gad1-F-700545,ME_R,0.8613,205,238
Gad1-F-700547,AL_L,0.9965,281,282
Gad1-F-700551,FB,0.8000,40,50
Gad1-F-700552,AVLP_L,0.9508,174,183
Gad1-F-700553,LO_R,1.0000,132,132
Gad1-F-700558,AL_R,0.8980,317,353
Gad1-F-700561,AVLP_L,0.9103,284,312
Gad1-F-700570,LO_R,1.0000,133,133
Gad1-F-700572,ME_R,1.0000,49,49
Gad1-F-700574,LO_R,0.8985,292,325
Gad1-F-700577,AL_L,0.8978,167,186
Gad1-F-700579,LO_R,0.8600,516,600
Gad1-F-700589,LH_R,0.8485,846,997
Gad1-F-700590,LOP_L,0.9634,79,82
Gad1-F-700593,AVLP_R,0.9947,373,375
Gad1-F-700597,LO_R,1.0000,150,150
Gad1-F-700604,LO_R,0.9452,138,146
Gad1-F-700606,PB,0.9706,165,170
Gad1-F-700612,LO_L,0.8400,315,375
Gad1-F-700624,AL_R,0.9563,635,664
Gad1-F-700631,LO_L,0.9352,274,293
Gad1-F-700646,GNG,0.8525,526,617
Gad1-F-700647,AL_L,0.9280,1122,1209
Gad1-F-700648,LO_R,0.9810,207,211
Gad1-F-700651,AVLP_L,0.9549,275,288
Gad1-F-700654,AVLP_L,0.8863,998,1126
Gad1-F-700655,LOP_R,0.9417,97,103
Gad1-F-700657,AVLP_L,0.8251,637,772
Gad1-F-700660,LO_R,0.8765,142,162
Gad1-F-700662,ME_R,1.0000,18,18
Gad1-F-700663,LOP_R,1.0000,100,100
Gad1-F-700664,LO_L,0.9391,108,115
Gad1-F-700666,LO_R,1.0000,84,84
Gad1-F-700667,LO_R,0.9492,56,59
Gad1-F-700669,AVLP_R,0.9857,344,349
Gad1-F-700678,LO_R,0.9933,445,448
Gad1-F-700686,LO_R,0.8509,194,228
Gad1-F-700688,LO_L,0.8581,127,148
Gad1-F-700708,LO_R,0.8242,150,182
Gad1-F-700711,AVLP_R,0.9577,136,142
Gad1-F-700713,ME_R,1.0000,155,155
Gad1-F-700722,ME_R,1.0000,153,153
Gad1-F-700728,ME_L,1.0000,86,86
Gad1-F-700729,GNG,1.0000,346,346
Gad1-F-700731,LOP_L,0.8167,147,180
Gad1-F-700733,ME_L,1.0000,74,74
Gad1-F-700736,ME_R,0.8507,57,67
Gad1-F-700739,ME_R,1.0000,35,35
Gad1-F-800000,ME_L,1.0000,157,157
Gad1-F-800009,LOP_L,0.9303,227,244
Gad1-F-800010,ME_L,0.8174,94,115
Gad1-F-800019,AVLP_R,0.9245,196,212
Gad1-F-800022,LOP_L,0.8060,378,469
Gad1-F-800026,LOP_R,1.0000,403,403
Gad1-F-800030,LOP_L,0.8692,113,130
Gad1-F-800034,ME_L,1.0000,29,29
Gad1-F-800044,LO_R,1.0000,104,104
Gad1-F-800045,LO_L,1.0000,162,162
Gad1-F-800064,ME_R,0.8226,51,62
Gad1-F-800066,ME_L,0.9306,67,72
Gad1-F-800070,AVLP_L,0.9683,458,473
Gad1-F-800080,AVLP_L,0.9005,199,221
Gad1-F-800081,LO_L,0.8084,173,214
Gad1-F-800085,AVLP_L,0.9496,245,258
Gad1-F-800090,LO_R,0.8678,210,242
Gad1-F-800091,SMP_R,0.9190,227,247
Gad1-F-800093,FB,0.8779,151,172
Gad1-F-800097,AVLP_R,0.8557,1180,1379
Gad1-F-800098,FB,0.9049,257,284
Gad1-F-800104,FB,0.8626,113,131
Gad1-F-800105,FB,0.8621,150,174
Gad1-F-800108,AL_R,0.9519,514,540
Gad1-F-800110,FB,0.8182,45,55
Gad1-F-800117,AVLP_R,0.9603,290,302
Gad1-F-800123,AL_L,0.9934,1051,1058
Gad1-F-800127,ME_R,1.0000,56,56
Gad1-F-800132,AL_L,0.8977,1940,2161
Gad1-F-800135,FB,0.8320,208,250
Gad1-F-800143,LO_R,1.0000,135,135
Gad1-F-800146,AVLP_L,0.9452,138,146
Gad1-F-800147,LO_L,0.9870,76,77
Gad1-F-800149,FB,0.9512,156,164
Gad1-F-800156,AL_L,1.0000,410,410
Gad1-F-800161,AVLP_L,0.9100,384,422
Gad1-F-800162,AL_R,0.8690,345,397
Gad1-F-800168,FB,0.8611,93,108
Gad1-F-800169,FB,0.9732,254,261
Gad1-F-800173,AVLP_L,0.9929,139,140
Gad1-F-800176,AL_L,0.9146,546,597
Gad1-F-800178,FB,0.8511,120,141
Gad1-F-800179,FB,0.8974,105,117
Gad1-F-800183,AL_R,0.9927,406,409
Gad1-F-800184,FB,0.8938,143,160
Gad1-F-800187,AVLP_L,0.9542,354,371
Gad1-F-800190,AVLP_R,0.9552,192,201
Gad1-F-800199,AVLP_R,0.9222,237,257
Gad1-F-800205,AVLP_R,0.9916,236,238
Gad1-F-800207,AVLP_R,0.9611,173,180
Gad1-F-800209,LO_L,0.8750,35,40
Gad1-F-800210,ME_L,1.0000,213,213
Gad1-F-800212,AVLP_R,1.0000,151,151
Gad1-F-800226,LO_L,0.9759,162,166
Gad1-F-800230,AL_L,0.9437,1189,1260
Gad1-F-800232,FB,0.8811,126,143
Gad1-F-800233,AL_L,0.9950,2002,2012
Gad1-F-800235,AL_L,0.9940,999,1005
Gad1-F-800239,AVLP_R,1.0000,153,153
Gad1-F-800252,FB,0.8493,124,146
Gad1-F-800262,AVLP_L,0.9602,217,226
Gad1-F-800265,LOP_L,1.0000,28,28
Gad1-F-800274,LO_R,0.8755,239,273
Gad1-F-800279,LO_L,1.0000,296,296
Gad1-F-800280,AL_L,0.9925,1058,1066
Gad1-F-800284,GNG,1.0000,482,482
Gad1-F-800291,LO_L,0.9306,268,288
Gad1-F-800310,AVLP_L,0.9886,87,88
Gad1-F-800320,LO_L,0.8428,134,159
Gad1-F-800330,GNG,1.0000,247,247
Gad1-F-800332,ME_L,0.8894,193,217
Gad1-F-800336,AL_L,0.9958,472,474
Gad1-F-800352,AL_L,0.8872,354,399
Gad1-F-800357,ME_R,1.0000,72,72
Gad1-F-800358,ME_R,0.8636,95,110
Gad1-F-800362,AVLP_L,0.9962,264,265
Gad1-F-800365,ME_R,1.0000,43,43
Gad1-F-800372,ME_L,1.0000,38,38
Gad1-F-800374,LO_L,1.0000,35,35
Gad1-F-800379,ME_L,0.8497,243,286
Gad1-F-800386,ME_L,1.0000,266,266
Gad1-F-800389,ME_R,1.0000,31,31
Gad1-F-800390,LO_L,0.8765,220,251
Gad1-F-800393,LO_L,1.0000,143,143
Gad1-F-800404,LO_L,0.8205,64,78
Gad1-F-800414,SMP_R,1.0000,91,91
Gad1-F-800415,LOP_R,0.9778,44,45
Gad1-F-800418,ME_R,1.0000,62,62
Gad1-F-800419,ME_L,0.8931,259,290
Gad1-F-800420,FB,0.9200,115,125
Gad1-F-800432,GNG,0.9962,259,260
Gad1-F-800439,FB,0.8191,163,199
Gad1-F-800444,LO_L,0.8495,175,206
Gad1-F-800445,LO_R,0.9574,90,94
Gad1-F-800446,LO_R,1.0000,209,209
Gad1-F-800453,LO_L,1.0000,102,102
Gad1-F-800465,AVLP_L,1.0000,235,235
Gad1-F-800466,AVLP_R,0.9510,816,858
Gad1-F-800467,FB,0.9000,135,150
Gad1-F-800468,ME_L,0.8395,68,81
Gad1-F-800477,LO_L,0.8076,806,998
Gad1-F-800482,LO_L,1.0000,115,115
Gad1-F-800486,FB,0.8550,112,131
Gad1-F-800487,ME_L,1.0000,52,52
Gad1-F-800493,AL_R,0.9610,788,820
Gad1-F-800495,LO_R,0.9939,327,329
Gad1-F-800496,FB,0.8269,86,104
Gad1-F-800503,ME_R,1.0000,78,78
Gad1-F-800507,AVLP_L,0.9737,407,418
Gad1-F-800515,LO_L,1.0000,109,109
Gad1-F-800516,LO_R,0.8321,342,411
Gad1-F-800523,AVLP_R,0.8279,303,366
Gad1-F-800526,ME_R,1.0000,36,36
Gad1-F-800531,LO_L,0.8008,197,246
Gad1-F-800540,LO_R,0.8114,142,175
Gad1-F-800547,LO_R,1.0000,6,6
Gad1-F-800548,LH_R,0.9000,171,190
Gad1-F-800553,LOP_R,0.9189,34,37
Gad1-F-800557,ME_L,0.8810,74,84
Gad1-F-800558,AVLP_R,1.0000,77,77
Gad1-F-800562,AVLP_L,0.9907,424,428
Gad1-F-800563,LO_L,1.0000,97,97
Gad1-F-800564,ME_L,0.8214,115,140
Gad1-F-800565,LH_R,0.8217,295,359
Gad1-F-800567,ME_R,0.8173,85,104
Gad1-F-800571,FB,0.8802,169,192
Gad1-F-800574,AVLP_L,0.9908,216,218
Gad1-F-800580,PB,0.9786,183,187
Gad1-F-800582,LOP_R,1.0000,26,26
Gad1-F-800589,ME_R,0.9565,44,46
Gad1-F-800590,ME_R,1.0000,30,30
Gad1-F-800593,ME_R,1.0000,29,29
Gad1-F-800595,ME_R,0.9237,121,131
Gad1-F-800602,ME_R,1.0000,125,125
Gad1-F-800606,ME_L,0.9444,34,36
Gad1-F-800610,ME_L,0.8444,76,90
Gad1-F-800611,ME_L,0.8158,31,38
Gad1-F-800612,ME_L,0.8889,40,45
Gad1-F-800619,ME_R,1.0000,31,31
Gad1-F-800623,ME_L,0.9787,46,47
Gad1-F-800624,ME_L,1.0000,39,39
Gad1-F-800625,ME_L,1.0000,30,30
Gad1-F-800626,LH_L,0.8436,232,275
Gad1-F-800627,LOP_R,0.8542,41,48
Gad1-F-800632,ME_R,1.0000,36,36
Gad1-F-800633,LH_R,0.9347,186,199
Gad1-F-800636,ME_R,1.0000,28,28
Gad1-F-800637,ME_L,0.8028,57,71
Gad1-F-800638,AL_R,0.9868,1799,1823
Gad1-F-800642,AL_L,1.0000,348,348
Gad1-F-800645,ME_L,0.8133,61,75
Gad1-F-900014,ME_R,0.9823,111,113
Gad1-F-900017,AL_L,0.9975,804,806
Gad1-F-900023,LO_R,1.0000,170,170
Gad1-F-900029,AL_L,0.9783,405,414
Gad1-F-900042,FB,0.9276,141,152
Gad1-F-900050,FB,0.8981,97,108
Gad1-F-900054,LH_R,0.9077,521,574
Gad1-F-900058,LO_R,1.0000,138,138
Gad1-F-900062,LOP_R,0.8261,76,92
Gad1-F-900077,FB,0.9299,252,271
Gad1-F-900082,FB,0.9259,275,297
Gad1-F-900089,AVLP_L,0.8892,281,316
Gad1-F-900105,PB,0.9890,180,182
Gad1-F-900112,AL_L,0.9832,936,952
Gad1-F-900147,FB,0.9054,134,148
Gad1-F-900165,AVLP_L,1.0000,215,215
Gad1-F-900167,ME_L,1.0000,16,16
Gad1-F-900174,FB,0.9055,115,127
Gad1-F-900186,LOP_R,1.0000,29,29
Gad1-F-900189,AVLP_R,0.8526,81,95
Gad1-F-900190,ME_R,0.8846,92,104
Gad1-F-900193,FB,0.9450,189,200
Gad1-F-900197,ME_R,1.0000,26,26
Gad1-F-900199,PB,1.0000,126,126
Gad1-F-900200,AL_R,0.9116,392,430
Gad1-F-900208,ME_R,0.9737,148,152
Gad1-F-900209,AVLP_R,0.9218,165,179
Gad1-F-900211,ME_L,0.8333,65,78
Gad1-F-900213,LO_L,0.8171,134,164
Gad1-F-900214,AVLP_R,0.9231,180,195
Gad1-F-900215,ME_L,0.9453,121,128
Gad1-F-900216,AVLP_L,0.9953,214,215
Gad1-F-900233,AVLP_R,0.8699,254,292
Gad1-F-900236,LH_L,0.9347,272,291
Gad1-F-900238,LO_R,0.8224,213,259
Gad1-F-900244,LO_R,1.0000,198,198
Gad1-F-900246,LO_R,1.0000,84,84
Gad1-F-900258,LO_R,0.8296,224,270
Gad1-F-900260,AVLP_R,0.9895,189,191
Gad1-F-900262,LO_R,1.0000,9,9
Gad1-F-900263,LO_R,0.8125,234,288
Gad1-F-900302,ME_R,1.0000,48,48
Gad1-F-900306,LO_L,0.8564,167,195
Gad1-F-900309,LOP_L,1.0000,78,78
Gad1-F-900313,LO_R,0.8045,465,578
Gad1-F-900316,ME_R,1.0000,39,39
Gad1-F-900318,LO_L,1.0000,196,196
Gad1-F-900319,ME_L,0.8182,63,77
Gad1-F-900323,AL_L,0.9938,323,325
Gad1-F-900325,LO_L,0.8387,104,124
Gad1-F-900326,AVLP_R,0.9521,179,188
Gad1-F-900329,GNG,0.9191,159,173
Gad1-F-900330,AVLP_R,1.0000,158,158
Gad1-F-900336,ME_R,1.0000,49,49
Gad1-F-900344,ME_R,0.9774,173,177
Gad1-F-900345,ME_L,1.0000,30,30
Gad1-F-900351,LO_R,0.9912,224,226
Gad1-F-900360,AVLP_R,0.9919,245,247
Gad1-F-900361,ME_L,0.9784,317,324
Gad1-F-900363,GNG,1.0000,667,667
Gad1-F-900366,FB,0.9310,54,58
Gad1-F-900372,LOP_R,0.8690,199,229
Gad1-F-900374,ME_R,1.0000,48,48
Gad1-F-900376,ME_L,0.9811,52,53
Gad1-F-900386,ME_L,0.9882,84,85
Gad1-F-900390,AVLP_R,0.9066,165,182
Gad1-F-900404,AL_L,0.9333,1693,1814
Gad1-F-900408,FB,0.8663,175,202
Gad1-F-900411,AL_R,0.9375,1711,1825
Gad1-F-900423,GNG,0.9851,396,402
Gad1-F-900425,SLP_R,0.9549,339,355
Gad1-F-900426,LOP_R,0.9697,32,33
Gad1-F-900428,SLP_L,0.9520,436,458
Gad1-F-900432,LH_R,0.8931,259,290
Gad1-F-900435,FB,0.8571,66,77
Gad1-F-900437,LO_R,0.8029,110,137
Gad1-F-900455,ME_R,0.9756,80,82
Gad1-F-900461,PB,1.0000,206,206
Gad1-F-900463,LO_L,0.8428,193,229
Gad1-F-900469,ME_L,1.0000,185,185
Gad1-F-900473,FB,0.9322,110,118
Gad1-F-900485,AL_R,0.9658,1833,1898
Gad1-F-900492,ME_R,1.0000,52,52
Gad1-F-900493,FB,0.9116,134,147
Gad1-F-900502,LO_R,1.0000,141,141
Gad1-F-900507,LO_L,1.0000,248,248
Gad1-F-900510,ME_R,0.8462,44,52
Gad1-F-900520,LO_L,1.0000,107,107
Gad1-F-900527,AVLP_R,0.9769,339,347
Gad1-F-900529,AVLP_R,0.9155,195,213
Gad1-F-900534,ME_R,1.0000,18,18
Gad1-F-900537,ME_R,1.0000,42,42
Gad1-F-900544,ME_L,0.9029,93,103
Gad1-F-900545,ME_L,0.9500,95,100
Gad1-F-900547,FB,0.9800,49,50
Gad1-F-900549,LO_L,1.0000,200,200
Gad1-F-900550,PB,1.0000,100,100
Gad1-F-900551,ME_R,1.0000,43,43
Gad1-F-900560,ME_L,0.9072,88,97
Gad1-F-900561,ME_L,1.0000,33,33
Gad1-F-900566,ME_R,1.0000,53,53
Gad1-F-900567,ME_R,1.0000,33,33
Gad1-F-900569,ME_L,0.8075,151,187
Gad1-F-900570,AL_L,0.9875,551,558
Gad1-F-900572,ME_R,0.8135,157,193
Gad1-F-900573,ME_R,1.0000,15,15
Gad1-F-900574,ME_R,1.0000,25,25
Gad1-F-900576,AL_L,0.8180,926,1132
Gad1-F-900578,ME_R,1.0000,29,29
Gad1-F-900579,ME_R,1.0000,57,57
Gad1-F-900581,LO_R,0.8367,205,245
Gad1-F-900582,LOP_L,0.9231,60,65
Gad1-F-900586,LOP_R,0.8000,52,65
Gad1-F-900590,LO_R,0.8136,179,220
Gad1-F-900591,LOP_R,0.9235,157,170
Gad1-F-900596,ME_L,1.0000,52,52
Gad1-F-900597,LOP_R,0.9726,142,146
Gad1-F-900600,ME_R,1.0000,37,37
Gad1-F-900606,LO_R,0.8125,169,208
Gad1-F-900619,LO_R,0.8875,71,80
Gad1-F-900622,ME_R,0.8387,26,31
Gad1-F-900629,LO_L,1.0000,159,159
Gad1-F-900630,ME_L,1.0000,63,63
Gad1-F-900633,FB,0.8629,151,175
Gad1-F-900634,LOP_L,1.0000,265,265
Gad1-F-900640,ME_L,1.0000,56,56
Gad1-F-900641,ME_R,0.8065,50,62
Gad1-F-900642,ME_L,0.9726,71,73
Kra-F-200000,AL_L,0.9993,1424,1425
Kra-F-200001,AL_R,0.9240,1508,1632
Kra-F-200002,AL_L,0.9854,2158,2190
Kra-F-200003,AL_R,0.8831,2205,2497
Kra-F-200004,AL_R,0.8711,2312,2654
Kra-M-100000,AL_R,0.9845,3491,3546
Kra-M-100001,AL_L,0.9991,4233,4237
Kra-M-100002,AL_L,1.0000,2101,2101
Kra-M-100003,AL_L,0.9983,4583,4591
Kra-M-100004,AL_L,0.9969,4202,4215
Kra-M-100005,AL_R,0.9991,3284,3287
Kra-M-100006,AL_L,1.0000,1963,1963
Kra-M-100007,AL_L,0.9994,3439,3441
Kra-M-100008,AL_L,0.9974,1920,1925
Kra-M-200000,AL_R,1.0000,2546,2546
Kra-M-200001,AL_L,0.9905,3234,3265
Kra-M-200002,AL_L,0.9947,1704,1713
Kra-M-200003,AL_L,0.9947,3569,3588
Kra-M-200004,AL_R,0.9996,2270,2271
Kra-M-200005,AL_L,1.0000,2293,2293
Kra-M-200007,AL_L,0.9987,3059,3063
Kra-M-200008,AL_L,0.9989,2697,2700
Kra-M-200009,AL_R,0.9955,2850,2863
Kra-M-300000,AL_L,1.0000,1157,1157
TH-F-000017,GNG,1.0000,326,326
TH-F-000054,GNG,0.9702,358,369
TH-F-000055,GNG,0.9978,448,449
TH-F-000063,ME_L,1.0000,37,37
TH-F-100049,GNG,1.0000,283,283
TH-F-100069,AL_R,0.8676,249,287
TH-F-100081,AL_L,0.8178,175,214
TH-F-100082,ME_L,1.0000,29,29
TH-F-100107,AL_L,0.9588,163,170
TH-F-200000,ME_L,1.0000,38,38
TH-F-200001,ME_L,1.0000,20,20
TH-F-200003,ME_L,1.0000,32,32
TH-F-200005,ME_R,1.0000,71,71
TH-F-200039,GNG,1.0000,320,320
TH-F-200080,AL_L,0.9373,284,303
TH-F-200102,AL_L,0.9271,305,329
TH-F-300057,AL_L,1.0000,204,204
TH-F-300080,ME_R,1.0000,34,34
TH-F-300081,ME_R,1.0000,75,75
TH-F-300082,ME_R,1.0000,27,27
TH-F-300083,ME_L,1.0000,44,44
TH-F-300085,ME_L,1.0000,47,47
TH-F-300086,ME_L,1.0000,66,66
TH-F-300089,ME_L,1.0000,20,20
TH-F-300091,ME_R,1.0000,26,26
TH-F-300092,AL_R,0.9364,162,173
TH-F-400002,ME_R,1.0000,60,60
TH-F-400003,ME_R,1.0000,131,131
TH-F-400004,ME_R,1.0000,57,57
TH-F-400005,ME_R,0.8932,92,103
TH-F-400006,ME_R,1.0000,52,52
TH-F-400007,ME_R,1.0000,36,36
TH-F-400008,ME_R,1.0000,97,97
TH-F-500005,ME_R,1.0000,78,78
TH-F-700011,ME_R,1.0000,39,39
TH-F-700012,ME_R,1.0000,29,29
TH-F-700013,ME_R,1.0000,43,43
TH-F-700014,ME_R,1.0000,44,44
TH-F-700020,AL_L,0.9173,477,520
TH-F-700029,AL_R,0.8614,174,202
TH-F-700038,ME_L,1.0000,20,20
TH-M-000007,GNG,0.9911,554,559
TH-M-000018,GNG,1.0000,497,497
TH-M-000022,ME_L,0.8718,68,78
TH-M-000025,GNG,1.0000,233,233
TH-M-000027,GNG,1.0000,322,322
TH-M-000035,GNG,1.0000,159,159
TH-M-000066,GNG,1.0000,293,293
TH-M-100053,GNG,0.9886,432,437
TH-M-100066,GNG,1.0000,258,258
TH-M-100069,GNG,0.9887,351,355
TH-M-100084,AL_R,0.9105,173,190
TH-M-200078,GNG,1.0000,227,227
TH-M-200085,PLP_L,0.8312,192,231
TH-M-200089,AL_L,0.8367,333,398
TH-M-200090,AL_R,0.9614,274,285
TH-M-300049,GNG,1.0000,320,320
TH-M-400006,SPS_L,0.8078,227,281
TH-M-400009,ME_L,1.0000,57,57
TH-M-400010,ME_L,1.0000,111,111
TH-M-400011,ME_L,1.0000,65,65
TH-M-400012,ME_L,1.0000,114,114
TH-M-400013,ME_L,1.0000,69,69
TH-M-400014,ME_L,1.0000,43,43
TH-M-400015,ME_L,1.0000,53,53
TH-M-400016,ME_L,1.0000,106,106
TH-M-400017,ME_L,0.9412,32,34
TH-M-500007,AL_L,0.9336,281,301
TH-M-500008,ME_R,1.0000,27,27
TH-M-500009,ME_R,1.0000,39,39
TH-M-700005,SMP_R,0.9737,148,152
TH-M-700011,AL_L,0.9713,271,279
Tdc2-F-000003,FB,0.9333,112,120
Tdc2-F-000004,FB,0.8595,104,121
Tdc2-F-100000,ME_R,0.8000,124,155
Tdc2-F-100072,FB,0.8879,95,107
Tdc2-F-200053,FB,0.8065,175,217
Trh-F-000000,ME_L,0.9560,152,159
Trh-F-000003,ME_L,0.9283,272,293
Trh-F-000007,ME_R,0.9106,275,302
Trh-F-000010,ME_L,0.8450,169,200
Trh-F-000019,ME_R,0.9913,1370,1382
Trh-F-000024,GNG,1.0000,117,117
Trh-F-000035,SMP_R,0.9596,356,371
Trh-F-000047,ME_R,0.9915,1400,1412
Trh-F-000051,ME_R,0.9962,1052,1056
Trh-F-000052,AVLP_L,1.0000,83,83
Trh-F-000053,AL_R,0.9295,1161,1249
Trh-F-000056,ME_L,0.9970,1669,1674
Trh-F-000057,AVLP_L,0.9376,526,561
Trh-F-000063,FB,0.9310,135,145
Trh-F-000065,ME_R,0.9828,1201,1222
Trh-F-000066,FB,0.8667,130,150
Trh-F-000067,LO_R,0.8532,686,804
Trh-F-000077,AVLP_L,0.8449,376,445
Trh-F-000078,LO_R,0.8187,560,684
Trh-F-000081,GNG,0.9617,427,444
Trh-F-000092,ME_L,0.9891,1446,1462
Trh-F-100000,ME_L,1.0000,2179,2179
Trh-F-100002,ME_L,1.0000,1879,1879
Trh-F-100003,ME_R,0.8952,282,315
Trh-F-100004,ME_R,0.8477,167,197
Trh-F-100007,ME_R,0.8952,282,315
Trh-F-100009,ME_R,0.9928,1799,1812
Trh-F-100012,ME_R,0.9968,1255,1259
Trh-F-100014,ME_R,0.8968,304,339
Trh-F-100016,ME_L,0.8970,270,301
Trh-F-100025,AL_L,0.9746,1498,1537
Trh-F-100045,AL_R,0.9086,1093,1203
Trh-F-100053,LO_L,0.8360,617,738
Trh-F-100054,ME_L,0.9250,185,200
Trh-F-100058,AL_L,0.9837,1452,1476
Trh-F-100062,ME_R,0.9505,211,222
Trh-F-100071,AL_L,0.8967,1476,1646
Trh-F-100074,AL_L,1.0000,623,623
Trh-F-100078,AL_L,1.0000,344,344
Trh-F-100080,AL_R,0.9373,971,1036
Trh-F-100081,SMP_R,0.8000,204,255
Trh-F-100084,AVLP_L,0.8174,461,564
Trh-F-100085,AL_R,0.8623,2192,2542
Trh-F-100086,AL_L,0.9847,2055,2087
Trh-F-100087,AL_L,0.9623,2170,2255
Trh-F-100088,AL_R,0.9385,1709,1821
Trh-F-100092,AL_R,0.8599,884,1028
Trh-F-100094,SMP_L,0.8027,240,299
Trh-F-100095,AL_R,0.9327,305,327
Trh-F-100096,FB,0.9506,154,162
Trh-F-100097,AL_L,0.9952,4186,4206
Trh-F-100098,AL_R,0.9730,3285,3376
Trh-F-100099,AL_L,0.9945,2693,2708
Trh-F-100100,AL_R,0.9989,2683,2686
Trh-F-100101,AL_R,0.9568,2968,3102
Trh-F-100102,AL_L,0.9931,4348,4378
Trh-F-100103,AL_L,0.9994,3370,3372
Trh-F-100104,AL_R,0.9948,2684,2698
Trh-F-100105,AL_L,0.9938,3049,3068
Trh-F-100106,AL_R,0.9535,2626,2754
Trh-F-100107,AL_L,0.9745,5167,5302
Trh-F-100109,AL_L,0.9709,4008,4128
Trh-F-100110,AL_L,1.0000,2592,2592
Trh-F-100111,AL_L,0.9947,4137,4159
Trh-F-100112,AL_R,0.9920,2483,2503
Trh-F-100113,AL_L,0.9322,2102,2255
Trh-F-100114,AL_L,0.9586,1900,1982
Trh-F-100115,AL_R,0.9511,2215,2329
Trh-F-100116,AL_R,0.9973,2208,2214
Trh-F-200002,ME_R,0.8989,249,277
Trh-F-200005,ME_R,0.8972,227,253
Trh-F-200010,ME_L,0.9564,263,275
Trh-F-200011,ME_R,0.8871,220,248
Trh-F-200013,ME_L,0.8910,188,211
Trh-F-200014,ME_R,0.9926,945,952
Trh-F-200015,ME_L,0.9959,1474,1480
Trh-F-200029,AL_L,0.9920,1745,1759
Trh-F-200030,AL_R,0.9946,741,745
Trh-F-200035,ME_L,0.9915,1048,1057
Trh-F-200036,AL_L,0.9621,686,713
Trh-F-200037,PRW,0.8220,194,236
Trh-F-200048,AVLP_L,0.8790,385,438
Trh-F-200050,AVLP_L,0.8580,296,345
Trh-F-200056,AL_R,0.9942,1192,1199
Trh-F-200057,AL_L,0.9649,1400,1451
Trh-F-200060,AL_R,0.9664,1524,1577
Trh-F-200064,AL_R,0.9941,669,673
Trh-F-200065,AL_R,0.9848,1163,1181
Trh-F-200068,AL_L,0.9928,1097,1105
Trh-F-200074,AL_R,0.9483,514,542
Trh-F-200081,AL_L,0.9963,816,819
Trh-F-200084,AL_L,0.9987,774,775
Trh-F-200092,AL_L,0.9447,718,760
Trh-F-200095,AL_L,0.9860,1196,1213
Trh-F-200098,LO_L,0.8084,135,167
Trh-F-200099,AL_R,0.9633,918,953
Trh-F-200100,AL_R,0.9749,778,798
Trh-F-200101,AL_R,0.9815,1166,1188
Trh-F-200104,AL_L,0.8944,415,464
Trh-F-200106,AL_L,0.9807,764,779
Trh-F-200108,AL_L,1.0000,630,630
Trh-F-200110,AL_L,0.9974,1132,1135
Trh-F-200121,AL_L,0.9672,885,915
Trh-F-200123,AL_R,0.9763,908,930
Trh-F-200124,AL_L,0.9942,856,861
Trh-F-200125,AL_R,0.9672,972,1005
Trh-F-200129,AL_R,0.9457,435,460
Trh-F-200131,AL_R,0.9793,803,820
Trh-F-200149,AL_R,0.9992,3862,3865
Trh-F-200150,AL_L,0.9980,2962,2968
Trh-F-200151,AL_R,0.9975,3585,3594
Trh-F-200152,AL_L,0.9908,2160,2180
Trh-F-200155,AL_L,0.9806,2073,2114
Trh-F-200156,AL_R,0.9989,2846,2849
Trh-F-200157,AL_L,0.9996,2485,2486
Trh-F-200159,AL_L,0.9996,4751,4753
Trh-F-200160,AL_L,0.9991,1162,1163
Trh-F-200161,AL_L,0.9966,3854,3867
Trh-F-200162,AL_R,0.9725,2018,2075
Trh-F-200164,AL_L,0.9474,1945,2053
Trh-F-200165,AL_L,1.0000,2993,2993
Trh-F-200166,AL_R,0.9724,3165,3255
Trh-F-200167,AL_R,0.9861,2192,2223
Trh-F-200168,AL_L,0.9927,5734,5776
Trh-F-300000,ME_R,0.9986,1451,1453
Trh-F-300001,ME_L,0.8079,143,177
Trh-F-300002,FB,0.8604,265,308
Trh-F-300004,ME_L,1.0000,661,661
Trh-F-300007,ME_R,0.8850,254,287
Trh-F-300009,ME_R,0.9959,1474,1480
Trh-F-300012,ME_R,0.8226,51,62
Trh-F-300013,ME_R,0.9636,291,302
Trh-F-300014,ME_R,0.9313,312,335
Trh-F-300015,ME_L,0.9377,241,257
Trh-F-300028,AL_L,0.9934,754,759
Trh-F-300032,AL_L,0.9974,758,760
Trh-F-300036,FB,0.9490,149,157
Trh-F-300037,AL_L,0.9975,784,786
Trh-F-300038,AL_R,0.9396,482,513
Trh-F-300039,AL_R,0.9522,538,565
Trh-F-300041,LH_R,0.8732,179,205
Trh-F-300050,AL_R,0.8650,878,1015
Trh-F-300058,AL_L,0.9612,719,748
Trh-F-300059,AL_R,0.9645,706,732
Trh-F-300063,AL_R,0.9780,579,592
Trh-F-300064,AL_L,1.0000,553,553
Trh-F-300065,AL_R,0.9455,624,660
Trh-F-300070,AL_L,0.9811,416,424
Trh-F-300071,AL_L,0.9963,532,534
Trh-F-300083,AVLP_L,0.8630,126,146
Trh-F-300084,AVLP_L,0.8967,243,271
Trh-F-300098,AL_R,0.9944,714,718
Trh-F-300102,AL_R,0.9770,1145,1172
Trh-F-300106,ME_R,1.0000,841,841
Trh-F-300107,AL_L,0.9948,1329,1336
Trh-F-300109,AL_L,0.9633,1339,1390
Trh-F-300118,AL_L,0.9855,610,619
Trh-F-300125,AL_L,1.0000,410,410
Trh-F-300130,SMP_R,1.0000,207,207
Trh-F-300133,AL_R,0.9599,1077,1122
Trh-F-300140,AL_L,0.9947,1120,1126
Trh-F-300141,AL_L,0.9979,1439,1442
Trh-F-300145,AL_L,0.9985,1336,1338
Trh-F-300147,AL_R,0.8576,488,569
Trh-F-300150,AL_R,0.9832,643,654
Trh-F-300152,AL_R,0.9940,3491,3512
Trh-F-300153,AL_R,1.0000,2780,2780
Trh-F-300154,AL_L,0.9978,1783,1787
Trh-F-300155,AL_R,1.0000,2826,2826
Trh-F-300156,AL_L,1.0000,1715,1715
Trh-F-300157,AL_R,0.9887,2528,2557
Trh-F-300158,AL_R,0.9643,2432,2522
Trh-F-300159,AL_L,0.9954,2783,2796
Trh-F-300160,AL_L,0.9997,2892,2893
Trh-F-300161,AL_R,0.9964,2764,2774
Trh-F-300162,AL_L,0.9945,1082,1088
Trh-F-300163,AL_L,0.9985,2019,2022
Trh-F-300164,AL_L,0.9952,2923,2937
Trh-F-300165,AL_L,0.9987,2222,2225
Trh-F-300166,AL_R,0.9950,2574,2587
Trh-F-300167,AL_R,0.9507,2698,2838
Trh-F-300168,AL_R,0.9954,4149,4168
Trh-F-300169,AL_L,0.9845,2420,2458
Trh-F-300170,AL_L,0.9920,1746,1760
Trh-F-300171,AL_R,0.9960,2728,2739
Trh-F-300172,AL_R,0.9755,1909,1957
Trh-F-300173,AL_R,0.9853,2339,2374
Trh-F-300174,AL_L,0.9994,3422,3424
Trh-F-300175,AL_R,0.9647,1750,1814
Trh-F-300176,AL_R,0.9304,3262,3506
Trh-F-300177,AL_L,0.9735,1801,1850
Trh-F-300178,AL_R,0.9311,1945,2089
Trh-F-300179,AL_R,0.9285,3271,3523
Trh-F-300180,AL_R,0.9573,1750,1828
Trh-F-300181,AL_L,0.9829,2015,2050
Trh-F-300182,AL_R,0.9459,3395,3589
Trh-F-300183,AL_R,0.9354,2475,2646
Trh-F-300184,AL_L,0.9940,2985,3003
Trh-F-300185,AL_L,0.9872,2079,2106
Trh-F-300186,AL_L,0.9863,1582,1604
Trh-F-300187,AL_R,0.9806,2226,2270
Trh-F-300188,AL_R,0.9299,3476,3738
Trh-F-300189,AL_L,0.9931,3431,3455
Trh-F-400033,FB,0.9099,101,111
Trh-F-400046,AVLP_R,0.8051,541,672
Trh-F-400058,AVLP_R,0.8279,178,215
Trh-F-400061,AL_L,0.9354,681,728
Trh-F-400062,FB,0.8229,158,192
Trh-F-400068,AL_R,0.8498,611,719
Trh-F-400077,AVLP_L,0.8458,214,253
Trh-F-400082,AL_R,0.9685,1014,1047
Trh-F-400084,AL_L,0.9558,1016,1063
Trh-F-400086,ME_L,0.9915,1053,1062
Trh-F-400088,AL_L,0.9911,1005,1014
Trh-F-400093,AL_L,1.0000,2275,2275
Trh-F-400094,AL_R,0.9985,2637,2641
Trh-F-400095,AL_L,0.9797,1927,1967
Trh-F-400096,AL_L,0.9917,1431,1443
Trh-F-400097,AL_R,0.9618,2873,2987
Trh-F-400098,AL_L,0.9948,2468,2481
Trh-F-400099,AL_L,0.9929,1827,1840
Trh-F-400100,AL_R,0.9518,2787,2928
Trh-F-400101,AL_L,0.9911,2893,2919
Trh-F-400102,AL_R,0.9837,2236,2273
Trh-F-400103,AL_R,0.9706,892,919
Trh-F-400104,AL_R,1.0000,1212,1212
Trh-F-400105,AL_L,0.9782,1928,1971
Trh-F-400106,AL_L,0.9947,2047,2058
Trh-F-400107,AL_R,0.9969,1594,1599
Trh-F-400108,AL_L,1.0000,994,994
Trh-F-400109,AL_R,0.9892,2008,2030
Trh-F-400110,AL_L,0.9997,3043,3044
Trh-F-400111,AL_L,0.9873,2026,2052
Trh-F-400112,AL_R,1.0000,1970,1970
Trh-F-400113,AL_R,0.9725,2976,3060
Trh-F-400114,AL_L,0.9945,2167,2179
Trh-F-400115,AL_R,0.9928,2776,2796
Trh-F-400116,AL_R,0.9893,2768,2798
Trh-F-400117,AL_R,1.0000,2297,2297
Trh-F-400118,AL_L,0.9963,3756,3770
Trh-F-400119,AL_R,0.8984,1874,2086
Trh-F-400120,AL_R,0.9812,3296,3359
Trh-F-400121,AL_L,0.9967,2131,2138
Trh-F-400122,AL_L,0.9940,3460,3481
Trh-F-400123,AL_R,0.9707,2584,2662
Trh-F-400124,AL_L,0.9993,2666,2668
Trh-F-500007,FB,0.8056,87,108
Trh-F-500019,AVLP_L,0.8972,192,214
Trh-F-500032,AVLP_L,0.9216,235,255
Trh-F-500040,AL_L,0.9665,1184,1225
Trh-F-500058,AVLP_L,0.9247,270,292
Trh-F-500063,AVLP_L,0.8232,163,198
Trh-F-500088,AL_L,0.9366,1064,1136
Trh-F-500089,AL_R,0.8338,657,788
Trh-F-500095,ME_L,0.8000,44,55
Trh-F-500097,ME_L,0.8182,45,55
Trh-F-500102,AVLP_L,0.8347,207,248
Trh-F-500105,ME_L,0.9587,232,242
Trh-F-500108,AL_R,0.9855,1021,1036
Trh-F-500127,ME_L,1.0000,12,12
Trh-F-500131,AVLP_L,0.9149,215,235
Trh-F-500139,ME_R,0.8571,78,91
Trh-F-500149,AVLP_L,0.8947,221,247
Trh-F-500151,AVLP_L,0.8828,241,273
Trh-F-500153,AVLP_R,0.8010,153,191
Trh-F-500158,CRE_L,0.8353,142,170
Trh-F-500161,AVLP_L,0.8147,189,232
Trh-F-500165,AL_R,0.9224,1212,1314
Trh-F-500167,AVLP_L,0.9190,499,543
Trh-F-500177,AL_R,0.9652,860,891
Trh-F-500186,AL_R,0.9000,900,1000
Trh-F-500192,AL_L,0.9655,1034,1071
Trh-F-500196,EB,0.8138,118,145
Trh-F-500202,ME_L,1.0000,10,10
Trh-F-500207,ME_L,1.0000,26,26
Trh-F-500215,AL_L,0.9740,563,578
Trh-F-500219,FB,0.8456,115,136
Trh-F-600001,AVLP_L,0.8539,228,267
Trh-F-600006,ME_L,0.8685,218,251
Trh-F-600024,AVLP_L,0.8245,249,302
Trh-F-600025,AVLP_L,0.8416,186,221
Trh-F-600029,ME_L,1.0000,1314,1314
Trh-F-600031,AVLP_L,0.8539,187,219
Trh-F-600034,AVLP_L,0.8701,134,154
Trh-F-600050,ME_L,0.8095,17,21
Trh-F-600051,ME_L,1.0000,42,42
Trh-F-600052,ME_L,1.0000,38,38
Trh-F-600057,ME_R,0.9086,159,175
Trh-F-600064,CRE_R,0.8828,211,239
Trh-F-600075,AVLP_L,0.8915,189,212
Trh-F-600086,AVLP_L,0.8925,191,214
Trh-F-600089,AVLP_L,0.8683,178,205
Trh-F-600105,AL_R,0.9727,818,841
Trh-F-600106,AL_L,0.9669,847,876
Trh-F-600107,AL_L,0.9877,802,812
Trh-F-700002,CRE_R,0.9400,235,250
Trh-F-700003,ME_R,1.0000,14,14
Trh-F-700004,ME_R,1.0000,12,12
Trh-F-700005,ME_R,1.0000,32,32
Trh-F-700007,ME_R,0.9032,28,31
Trh-F-700008,ME_R,0.9797,967,987
Trh-F-700009,ME_L,0.9965,1132,1136
Trh-F-700016,ME_R,0.9964,1095,1099
Trh-F-700024,ME_R,0.9992,1204,1205
Trh-F-700030,ME_R,0.9962,1294,1299
Trh-F-700033,CRE_R,0.8173,161,197
Trh-F-700040,ME_L,0.9716,137,141
Trh-F-700041,AVLP_L,0.8333,105,126
Trh-F-700045,FB,0.8699,107,123
Trh-F-700047,AVLP_R,0.9000,360,400
Trh-F-700050,CRE_R,0.8368,200,239
Trh-F-700065,AL_R,0.8948,655,732
Trh-F-800001,ME_L,1.0000,1264,1264
Trh-F-900004,ME_R,0.8492,152,179
Trh-F-900005,ME_L,0.9098,111,122
Trh-F-900008,AVLP_L,0.8358,443,530
Trh-F-900009,ME_L,0.9139,191,209
Trh-F-900011,AVLP_L,0.8804,162,184
Trh-F-900017,ME_R,0.8559,196,229
Trh-F-900023,AVLP_R,1.0000,95,95
Trh-F-900036,ME_R,0.8826,188,213
Trh-M-000000,ME_L,0.9125,1116,1223
Trh-M-000011,ME_L,0.8765,220,251
Trh-M-000013,ME_R,0.9132,1420,1555
Trh-M-000019,ME_L,0.8721,1466,1681
Trh-M-000020,ME_L,0.9506,231,243
Trh-M-000027,AL_R,0.8407,908,1080
Trh-M-000029,ME_R,0.8203,1205,1469
Trh-M-000053,ME_R,0.8410,275,327
Trh-M-000057,ME_L,0.8462,220,260
Trh-M-000061,ME_R,0.9527,685,719
Trh-M-000062,ME_L,0.9180,235,256
Trh-M-000066,ME_L,0.8808,133,151
Trh-M-000067,ME_R,0.8157,947,1161
Trh-M-000076,ME_R,0.8023,142,177
Trh-M-000080,AL_L,0.9530,872,915
Trh-M-000081,ME_L,0.8003,1086,1357
Trh-M-000085,ME_R,0.9419,146,155
Trh-M-000086,ME_R,0.9091,140,154
Trh-M-000098,ME_L,0.9095,1267,1393
Trh-M-000102,ME_R,0.8530,940,1102
Trh-M-000106,ME_L,0.9840,553,562
Trh-M-000126,ME_L,0.8504,1120,1317
Trh-M-000131,ME_R,0.9585,531,554
Trh-M-000133,ME_L,0.8973,1206,1344
Trh-M-000139,GNG,0.8820,792,898
Trh-M-000146,ME_L,0.8626,1249,1448
Trh-M-000150,ME_L,0.8115,818,1008
Trh-M-000151,ME_L,0.8857,1635,1846
Trh-M-000161,SMP_L,0.9275,473,510
Trh-M-000165,SMP_L,0.8127,243,299
Trh-M-000167,ME_L,0.8959,1342,1498
Trh-M-000168,ME_L,0.9689,592,611
Trh-M-000169,ME_L,0.9154,1288,1407
Trh-M-000171,ME_R,0.8524,1409,1653
Trh-M-000179,ME_L,0.8775,1046,1192
Trh-M-100004,AL_R,0.9934,909,915
Trh-M-100008,AL_R,0.9885,1207,1221
Trh-M-100009,ME_L,0.8909,1102,1237
Trh-M-100013,ME_R,0.8662,1139,1315
Trh-M-100015,ME_R,0.8108,900,1110
Trh-M-100016,ME_L,0.8381,207,247
Trh-M-100017,ME_R,0.8357,946,1132
Trh-M-100019,AL_R,0.9983,586,587
Trh-M-100036,AL_L,0.9537,1133,1188
Trh-M-100039,ME_R,0.8648,1830,2116
Trh-M-100046,AL_L,0.8872,2029,2287
Trh-M-100048,ME_R,0.8638,1566,1813
Trh-M-100050,AL_R,0.9634,1028,1067
Trh-M-100051,AL_L,0.9890,721,729
Trh-M-100054,AL_L,1.0000,366,366
Trh-M-100058,AL_L,0.9877,1520,1539
Trh-M-100063,AL_L,0.9927,684,689
Trh-M-100064,AL_L,1.0000,428,428
Trh-M-100066,AL_R,0.9541,1082,1134
Trh-M-100067,AL_L,0.9934,897,903
Trh-M-100068,AVLP_L,0.8852,324,366
Trh-M-100072,ME_R,0.8888,1590,1789
Trh-M-100073,AL_R,0.8980,1417,1578
Trh-M-100079,AL_L,0.9760,813,833
Trh-M-100085,AL_L,0.9899,1268,1281
Trh-M-100086,AL_R,0.8849,1384,1564
Trh-M-100088,AL_L,0.9766,1673,1713
Trh-M-100089,AL_R,0.9907,746,753
Trh-M-100090,AL_L,0.9784,1677,1714
Trh-M-100091,AL_R,1.0000,890,890
Trh-M-100092,AL_R,0.9900,895,904
Trh-M-100094,AL_R,0.9724,1553,1597
Trh-M-100096,AL_R,0.9394,1333,1419
Trh-M-100097,AL_L,0.9693,1264,1304
Trh-M-100100,AVLP_L,0.8421,288,342
Trh-M-100101,AL_R,0.9512,838,881
Trh-M-100102,AL_L,0.9970,999,1002
Trh-M-100103,AL_L,0.9990,2083,2085
Trh-M-100104,AL_L,0.9986,3451,3456
Trh-M-100105,AL_L,0.9908,4936,4982
Trh-M-100106,AL_L,0.9670,1260,1303
Trh-M-100107,AL_R,0.9973,2562,2569
Trh-M-100108,AL_L,0.9950,4357,4379
Trh-M-100109,AL_L,0.9997,2992,2993
Trh-M-100110,AL_L,0.9976,3343,3351
Trh-M-100111,AL_R,1.0000,2386,2386
Trh-M-100112,AL_L,0.9969,3819,3831
Trh-M-100114,AL_L,0.9983,2980,2985
Trh-M-100115,AL_R,0.9914,2896,2921
Trh-M-100116,AL_L,1.0000,2048,2048
Trh-M-100117,AL_R,1.0000,1927,1927
Trh-M-100118,AL_R,1.0000,1933,1933
Trh-M-100119,AL_R,1.0000,2253,2253
Trh-M-100120,AL_L,0.9990,3939,3943
Trh-M-100121,AL_R,1.0000,2380,2380
Trh-M-100122,AL_L,0.9979,3765,3773
Trh-M-100123,AL_L,0.9991,2181,2183
Trh-M-100124,AL_L,1.0000,2839,2839
Trh-M-200004,AL_L,0.9762,1640,1680
Trh-M-200010,AL_R,0.9134,1339,1466
Trh-M-200011,ME_L,0.8814,208,236
Trh-M-200020,AL_L,0.9806,1314,1340
Trh-M-200027,ME_L,0.8664,188,217
Trh-M-200028,AL_L,0.8992,1275,1418
Trh-M-200043,AL_R,0.9943,522,525
Trh-M-200045,ME_R,0.8460,1176,1390
Trh-M-200048,AL_L,1.0000,1124,1124
Trh-M-200049,AL_R,0.9625,462,480
Trh-M-200051,AL_R,0.8692,638,734
Trh-M-200052,AL_L,0.9650,469,486
Trh-M-200053,AL_L,0.9952,417,419
Trh-M-200054,AL_R,0.9765,333,341
Trh-M-200056,AL_R,0.9325,1285,1378
Trh-M-200059,AL_R,0.9823,1166,1187
Trh-M-200060,AL_R,0.9955,881,885
Trh-M-200063,AL_L,0.9580,1162,1213
Trh-M-200064,AL_R,0.9161,437,477
Trh-M-200065,AL_L,0.9949,968,973
Trh-M-200067,AL_L,0.9622,433,450
Trh-M-200068,AL_L,0.9890,806,815
Trh-M-200070,AL_L,0.9874,1022,1035
Trh-M-200072,AL_R,0.8948,417,466
Trh-M-200076,AL_L,0.8964,701,782
Trh-M-200077,AL_R,0.9126,898,984
Trh-M-200081,AL_R,0.9945,1089,1095
Trh-M-200083,AL_R,0.9657,930,963
Trh-M-200084,AL_R,0.9259,1174,1268
Trh-M-200085,AL_L,0.9294,961,1034
Trh-M-200087,AL_L,0.9816,1758,1791
Trh-M-200094,AL_R,0.9430,761,807
Trh-M-200095,AL_L,0.9933,885,891
Trh-M-200096,AL_L,0.9778,1143,1169
Trh-M-200099,AL_L,0.9976,841,843
Trh-M-200100,AL_R,0.9785,1090,1114
Trh-M-200101,AL_L,1.0000,937,937
Trh-M-200104,AL_L,0.9984,1222,1224
Trh-M-200106,AL_R,0.9638,904,938
Trh-M-200108,AL_L,0.9879,1059,1072
Trh-M-200109,AL_L,0.9809,1132,1154
Trh-M-200111,AL_L,1.0000,417,417
Trh-M-200112,AL_R,0.9924,1049,1057
Trh-M-200115,AL_R,0.9484,662,698
Trh-M-200117,AL_L,0.9672,1180,1220
Trh-M-200122,ME_L,1.0000,7,7
Trh-M-200123,ME_L,1.0000,26,26
Trh-M-200125,ME_L,1.0000,29,29
Trh-M-200126,AL_L,0.9974,385,386
Trh-M-200127,AL_R,0.8083,856,1059
Trh-M-200130,AL_L,0.9863,289,293
Trh-M-200132,AL_R,0.9983,2303,2307
Trh-M-200133,AL_R,0.9921,1624,1637
Trh-M-200134,AL_R,0.9993,1409,1410
Trh-M-200135,AL_L,0.9929,1394,1404
Trh-M-200136,AVLP_L,0.9609,1377,1433
Trh-M-200137,AL_L,0.9993,2985,2987
Trh-M-200138,AL_R,1.0000,1687,1687
Trh-M-200139,AL_R,0.9994,3452,3454
Trh-M-200140,AL_R,0.9544,1613,1690
Trh-M-200141,AL_R,0.9990,3892,3896
Trh-M-200142,AL_L,0.9851,1587,1611
Trh-M-200143,AL_L,0.9984,4303,4310
Trh-M-200144,AL_R,0.9942,1895,1906
Trh-M-200145,AL_L,1.0000,1820,1820
Trh-M-200146,AL_R,0.9924,1820,1834
Trh-M-200147,AL_R,1.0000,1354,1354
Trh-M-200148,AL_R,0.9983,1785,1788
Trh-M-200149,AL_L,0.9995,1957,1958
Trh-M-200150,AL_R,1.0000,1341,1341
Trh-M-200151,AL_R,0.9956,2268,2278
Trh-M-200152,AL_R,0.9903,2439,2463
Trh-M-200153,AL_L,1.0000,2001,2001
Trh-M-300000,AL_L,0.9627,1239,1287
Trh-M-300004,AL_R,0.9737,1111,1141
Trh-M-300007,AL_R,0.9801,787,803
Trh-M-300013,AL_R,0.9459,490,518
Trh-M-300014,AL_L,0.9337,1127,1207
Trh-M-300015,AL_L,0.9695,254,262
Trh-M-300016,AL_L,0.9833,941,957
Trh-M-300017,AL_R,0.9689,374,386
Trh-M-300019,AL_L,0.9690,469,484
Trh-M-300020,AL_R,0.9969,318,319
Trh-M-300021,AL_L,0.9561,806,843
Trh-M-300023,AL_R,0.9958,475,477
Trh-M-300026,AL_L,0.9978,459,460
Trh-M-300028,AL_L,1.0000,428,428
Trh-M-300031,AL_L,0.9659,340,352
Trh-M-300032,AL_R,0.9714,814,838
Trh-M-300033,AL_R,0.9726,886,911
Trh-M-300035,AL_L,0.9700,421,434
Trh-M-300036,AL_L,1.0000,448,448
Trh-M-300044,AL_L,0.9374,479,511
Trh-M-300045,AL_R,0.9325,304,326
Trh-M-300046,AL_L,0.9487,813,857
Trh-M-300047,AL_R,0.9432,515,546
Trh-M-300048,AL_R,0.9621,381,396
Trh-M-300051,AL_L,0.9723,596,613
Trh-M-300052,AL_R,0.9299,796,856
Trh-M-300055,AL_L,0.9832,587,597
Trh-M-300059,AL_L,0.9563,372,389
Trh-M-300064,AL_R,0.9475,523,552
Trh-M-300070,AL_R,0.9883,1185,1199
Trh-M-300072,AL_R,0.9586,1018,1062
Trh-M-300074,AL_R,0.9133,1138,1246
Trh-M-300080,PB,1.0000,48,48
Trh-M-300082,AL_L,0.9908,541,546
Trh-M-300087,AL_R,0.9937,476,479
Trh-M-300091,AL_L,0.9393,573,610
Trh-M-300100,ME_L,0.9081,1047,1153
Trh-M-300101,AL_L,0.9945,720,724
Trh-M-300102,AL_L,0.9913,1360,1372
Trh-M-300104,AL_L,0.9546,1282,1343
Trh-M-300106,AL_R,0.9326,1120,1201
Trh-M-300113,AL_R,0.9946,743,747
Trh-M-300114,AL_R,0.9181,975,1062
Trh-M-300116,AL_R,0.9815,425,433
Trh-M-300120,AL_L,0.9759,1054,1080
Trh-M-300124,AL_R,0.9463,652,689
Trh-M-300126,AL_R,1.0000,407,407
Trh-M-300129,AL_R,0.9430,546,579
Trh-M-300137,AL_L,0.8783,527,600
Trh-M-300141,AL_R,0.9306,1140,1225
Trh-M-300142,AL_L,0.9988,801,802
Trh-M-300143,AL_R,0.9721,1046,1076
Trh-M-300144,AL_R,0.9154,974,1064
Trh-M-300145,AL_L,0.9272,980,1057
Trh-M-300146,AL_L,0.9837,1150,1169
Trh-M-300147,AL_L,0.9746,1037,1064
Trh-M-300148,AL_R,0.9858,625,634
Trh-M-300149,AL_L,0.9812,626,638
Trh-M-300151,AVLP_L,0.8471,349,412
Trh-M-300152,AL_R,0.9554,579,606
Trh-M-300155,AL_L,0.9520,1230,1292
Trh-M-300156,AL_R,0.9205,660,717
Trh-M-300157,AL_L,1.0000,365,365
Trh-M-300158,AL_L,0.9327,568,609
Trh-M-300159,AL_R,0.9929,562,566
Trh-M-300162,AL_R,0.9429,512,543
Trh-M-300163,AL_R,0.9982,1677,1680
Trh-M-300164,AL_R,1.0000,1667,1667
Trh-M-300165,AL_R,0.9870,2878,2916
Trh-M-300166,AL_R,0.9813,1782,1816
Trh-M-300167,AL_R,0.9965,3447,3459
Trh-M-300168,AL_L,0.9983,2961,2966
Trh-M-300169,AL_L,0.9983,1793,1796
Trh-M-300170,AL_R,0.9995,1942,1943
Trh-M-300171,AL_L,0.9997,3381,3382
Trh-M-300172,AL_L,0.9559,1474,1542
Trh-M-300173,AL_R,0.9892,1552,1569
Trh-M-300174,AL_R,0.9894,2235,2259
Trh-M-300175,AL_L,0.9994,1717,1718
Trh-M-300176,AL_L,1.0000,1823,1823
Trh-M-300177,AL_R,0.9966,1753,1759
Trh-M-300178,AL_R,0.9995,1976,1977
Trh-M-300179,AL_R,1.0000,1763,1763
Trh-M-300180,AL_L,1.0000,2566,2566
Trh-M-300181,AL_R,0.9875,2283,2312
Trh-M-300182,AL_R,0.9952,1441,1448
Trh-M-300183,AL_L,0.9934,1944,1957
Trh-M-300184,AL_L,1.0000,1658,1658
Trh-M-300185,AL_R,0.9996,2674,2675
Trh-M-300186,AL_R,0.9768,3698,3786
Trh-M-300187,AL_R,0.9982,2832,2837
Trh-M-300188,AL_R,0.9665,1672,1730
Trh-M-300189,AL_L,1.0000,1803,1803
Trh-M-300190,AL_L,1.0000,1619,1619
Trh-M-300191,AL_R,1.0000,1937,1937
Trh-M-300192,AL_L,0.9960,2483,2493
Trh-M-300193,AL_R,0.9602,1761,1834
Trh-M-300194,AL_L,0.9991,4592,4596
Trh-M-300195,AL_L,0.9953,3798,3816
Trh-M-300196,AL_L,0.9967,2427,2435
Trh-M-300197,AL_R,0.9982,1656,1659
Trh-M-300198,AL_L,1.0000,2282,2282
Trh-M-300199,AL_R,0.9705,2270,2339
Trh-M-300200,AL_R,0.9985,4042,4048
Trh-M-300201,AL_L,1.0000,2729,2729
Trh-M-300202,AL_R,0.9995,3894,3896
Trh-M-300203,AL_L,0.9980,3543,3550
Trh-M-300204,AL_L,1.0000,1852,1852
Trh-M-300205,AL_R,0.9757,1649,1690
Trh-M-300206,AL_L,0.9953,4049,4068
Trh-M-300207,AL_R,0.9995,2177,2178
Trh-M-300208,AL_L,0.9992,2615,2617
Trh-M-300209,AL_L,0.9967,1526,1531
Trh-M-300210,AL_R,0.9988,2576,2579
Trh-M-300211,AL_L,0.9986,2149,2152
Trh-M-300212,AL_R,1.0000,1571,1571
Trh-M-300214,AL_L,0.9880,1480,1498
Trh-M-300215,AL_L,1.0000,1818,1818
Trh-M-300216,AL_L,1.0000,2044,2044
Trh-M-300217,AL_R,0.9941,2179,2192
Trh-M-300218,AL_L,0.9958,2154,2163
Trh-M-300219,AL_L,1.0000,1669,1669
Trh-M-300220,AL_R,0.9917,3826,3858
Trh-M-300221,AL_L,0.9833,2178,2215
Trh-M-300222,AL_R,0.9984,1840,1843
Trh-M-300223,AL_L,0.9848,1553,1577
Trh-M-300224,AL_R,0.9823,1718,1749
Trh-M-300225,AL_R,0.9989,4348,4353
Trh-M-300226,AL_L,0.9655,1537,1592
Trh-M-300227,AL_R,0.9946,2023,2034
Trh-M-300228,AL_L,0.9730,2201,2262
Trh-M-300229,AL_L,0.9722,1433,1474
Trh-M-300230,AL_L,0.9995,1904,1905
Trh-M-300231,AL_R,1.0000,1305,1305
Trh-M-300232,AL_R,0.9972,1783,1788
Trh-M-300233,AL_L,0.9967,3926,3939
Trh-M-300234,AL_R,1.0000,1389,1389
Trh-M-300235,AL_L,0.9993,1530,1531
Trh-M-300236,AL_R,0.9711,3123,3216
Trh-M-300237,AL_R,0.9859,3354,3402
Trh-M-300238,AL_L,1.0000,1472,1472
Trh-M-300239,AL_L,0.9973,2196,2202
Trh-M-300240,AL_R,0.9955,1972,1981
Trh-M-300241,AL_R,0.9779,2034,2080
Trh-M-300242,AL_R,0.9937,2841,2859
Trh-M-300243,AL_L,1.0000,3100,3100
Trh-M-300244,AL_L,1.0000,1814,1814
Trh-M-300245,AL_R,0.9993,2704,2706
Trh-M-300246,AL_L,0.9895,3305,3340
Trh-M-300247,AL_L,1.0000,1512,1512
Trh-M-300248,AL_L,0.9874,3922,3972
Trh-M-300249,AL_R,0.9985,2028,2031
Trh-M-300250,AL_R,0.9963,3487,3500
Trh-M-300252,AL_R,0.9946,2034,2045
Trh-M-300253,AL_R,0.9914,3355,3384
Trh-M-300254,AL_L,1.0000,1694,1694
Trh-M-300255,AL_L,0.9792,1973,2015
Trh-M-300256,AL_L,0.9772,1458,1492
Trh-M-300257,AL_R,1.0000,1348,1348
Trh-M-300258,AL_R,0.9980,2035,2039
Trh-M-300259,AL_R,0.9883,3701,3745
Trh-M-300260,AL_R,0.9976,3298,3306
Trh-M-300261,AL_L,0.9896,1335,1349
Trh-M-300262,AL_R,0.9595,2395,2496
Trh-M-300263,AL_L,0.9969,4192,4205
Trh-M-300264,AL_R,0.9935,1983,1996
Trh-M-300265,AL_L,0.9976,3370,3378
Trh-M-300266,AL_L,0.9896,2389,2414
Trh-M-300267,AL_L,1.0000,1911,1911
Trh-M-300268,AL_R,0.9982,3955,3962
Trh-M-300269,AL_L,0.9983,3620,3626
Trh-M-300270,AL_R,0.9912,3385,3415
Trh-M-300271,AL_L,0.9929,4305,4336
Trh-M-300272,AL_R,0.9724,1798,1849
Trh-M-300273,AL_L,0.9984,1929,1932
Trh-M-300274,AL_L,0.9969,2221,2228
Trh-M-300275,AL_R,0.9903,2040,2060
Trh-M-300276,AL_L,0.9943,2096,2108
Trh-M-300277,AL_L,0.9939,3107,3126
Trh-M-300278,AL_L,1.0000,1755,1755
Trh-M-300279,AL_L,0.9901,3387,3421
Trh-M-300280,AL_R,0.9958,2149,2158
Trh-M-300281,AL_R,0.9903,3052,3082
Trh-M-400000,ME_R,0.8196,1454,1774
Trh-M-400003,FB,0.9521,159,167
Trh-M-400017,ME_L,0.9292,315,339
Trh-M-400041,CRE_R,0.8621,150,174
Trh-M-400045,AVLP_L,0.9227,358,388
Trh-M-400050,FB,0.8211,78,95
Trh-M-400054,AL_R,0.9911,895,903
Trh-M-400069,AVLP_L,0.8447,87,103
Trh-M-400073,CRE_L,0.8069,163,202
Trh-M-400095,ME_L,0.9231,12,13
Trh-M-400096,ME_L,0.9600,24,25
Trh-M-400097,ME_L,1.0000,38,38
Trh-M-400098,ME_L,1.0000,18,18
Trh-M-400108,AL_R,0.9769,932,954
Trh-M-400113,AL_L,0.9867,1258,1275
Trh-M-400115,AL_R,0.9682,640,661
Trh-M-400116,AL_R,0.9953,630,633
Trh-M-400117,AL_R,0.9411,1215,1291
Trh-M-400121,AL_L,0.9936,1089,1096
Trh-M-400124,AL_R,0.9509,813,855
Trh-M-400125,AL_R,0.9216,976,1059
Trh-M-400126,AL_L,0.9930,571,575
Trh-M-400129,AL_R,0.9947,563,566
Trh-M-400132,AL_L,0.9469,642,678
Trh-M-400137,AL_L,0.9988,860,861
Trh-M-400139,ME_L,0.9922,381,384
Trh-M-400140,AL_L,0.9822,551,561
Trh-M-400141,AL_L,0.9650,773,801
Trh-M-400143,AL_L,0.9836,778,791
Trh-M-400146,AL_L,0.9995,1866,1867
Trh-M-400147,AL_R,0.9907,1908,1926
Trh-M-400148,AL_L,0.9949,1747,1756
Trh-M-400149,AL_R,0.9995,1832,1833
Trh-M-400150,AL_L,1.0000,2681,2681
Trh-M-400153,AL_R,0.9905,2186,2207
Trh-M-400154,AL_R,0.9941,2690,2706
Trh-M-400155,AL_R,0.9868,2979,3019
Trh-M-400156,AL_R,0.9773,2501,2559
Trh-M-400157,AL_R,0.9898,2811,2840
Trh-M-400158,AL_L,0.9946,2045,2056
Trh-M-400159,AL_R,0.9960,2765,2776
Trh-M-400160,AL_R,0.9692,1949,2011
Trh-M-400161,AL_L,1.0000,2508,2508
Trh-M-400162,AL_L,0.9963,2924,2935
Trh-M-400163,AL_L,0.9984,1232,1234
Trh-M-400165,AL_L,0.9965,2816,2826
Trh-M-400168,AL_R,1.0000,2393,2393
Trh-M-400169,AL_L,0.9994,1682,1683
Trh-M-400170,AL_R,1.0000,1471,1471
Trh-M-400171,AL_R,0.9877,1850,1873
Trh-M-400172,AL_R,0.9756,1601,1641
Trh-M-400173,AL_L,1.0000,2108,2108
Trh-M-400174,AL_L,0.9995,2180,2181
Trh-M-400175,AL_R,0.9932,2642,2660
Trh-M-500000,AVLP_L,0.8438,378,448
Trh-M-500010,ME_R,0.8795,197,224
Trh-M-500016,AVLP_L,0.8226,255,310
Trh-M-500019,AL_L,1.0000,662,662
Trh-M-500024,ME_R,0.8652,1232,1424
Trh-M-500029,ME_L,0.9717,1752,1803
Trh-M-500030,ME_L,0.9222,320,347
Trh-M-500033,ME_L,0.8303,1057,1273
Trh-M-500037,AVLP_L,0.8704,282,324
Trh-M-500056,AVLP_L,0.9128,272,298
Trh-M-500084,AL_L,0.9752,982,1007
Trh-M-500085,AVLP_L,0.8736,228,261
Trh-M-500087,ME_L,0.8816,1169,1326
Trh-M-500090,CRE_L,0.8303,181,218
Trh-M-500098,AL_R,0.8931,426,477
Trh-M-500100,AVLP_L,0.8232,163,198
Trh-M-500102,AL_L,0.9321,1154,1238
Trh-M-500106,AL_R,0.8103,188,232
Trh-M-500108,AVLP_L,0.8854,255,288
Trh-M-500124,AL_R,1.0000,533,533
Trh-M-500125,AL_R,0.9855,881,894
Trh-M-500126,AVLP_L,0.8231,214,260
Trh-M-500127,AVLP_R,0.9550,212,222
Trh-M-500128,AVLP_L,0.9184,135,147
Trh-M-500136,FB,0.8525,104,122
Trh-M-500139,CRE_R,0.8146,123,151
Trh-M-500147,AVLP_L,0.8205,224,273
Trh-M-500153,FB,0.9298,106,114
Trh-M-500158,ME_L,1.0000,63,63
Trh-M-500161,AL_R,0.9855,815,827
Trh-M-500176,LH_R,0.8830,83,94
Trh-M-500180,AL_L,0.8095,204,252
Trh-M-600005,AVLP_L,0.8364,179,214
Trh-M-600007,ME_R,0.9125,271,297
Trh-M-600012,AVLP_L,0.8484,207,244
Trh-M-600016,ME_R,0.8085,1026,1269
Trh-M-600019,ME_R,0.9492,187,197
Trh-M-600022,ME_R,0.8650,1083,1252
Trh-M-600023,ME_L,0.9492,2262,2383
Trh-M-600025,ME_L,0.9207,1520,1651
Trh-M-600027,ME_R,0.8884,1983,2232
Trh-M-600039,AVLP_L,0.8267,186,225
Trh-M-600043,AVLP_R,1.0000,104,104
Trh-M-600045,AVLP_L,0.8686,304,350
Trh-M-600047,ME_R,0.9043,1276,1411
Trh-M-600049,ME_L,0.8989,240,267
Trh-M-600060,ME_L,0.9242,1293,1399
Trh-M-600064,ME_R,0.8235,1017,1235
Trh-M-600068,AL_L,0.9847,514,522
Trh-M-600081,AVLP_L,0.8195,168,205
Trh-M-600090,AVLP_L,0.8497,164,193
Trh-M-600092,ME_L,0.9302,240,258
Trh-M-600093,ME_L,0.8843,214,242
Trh-M-600103,AL_L,0.9960,997,1001
Trh-M-600106,ME_L,0.8785,1113,1267
Trh-M-700001,ME_L,0.8557,166,194
Trh-M-700002,ME_R,0.9741,301,309
Trh-M-700010,AVLP_L,0.8760,438,500
Trh-M-700019,ME_L,0.8993,1348,1499
Trh-M-700044,ME_R,0.8190,1145,1398
Trh-M-700045,AVLP_L,0.8918,239,268
Trh-M-700050,ME_L,0.9415,1368,1453
Trh-M-700056,ME_L,0.9346,1143,1223
Trh-M-700071,AL_L,0.9970,1337,1341
Trh-M-700076,ME_L,0.8666,1143,1319
Trh-M-700078,EB,0.8059,137,170
Trh-M-700079,ME_R,0.8174,1052,1287
Trh-M-700085,AL_L,0.9845,763,775
Trh-M-700087,ME_R,0.8621,175,203
Trh-M-800002,ME_L,0.9510,1593,1675
Trh-M-800013,ME_R,0.9893,829,838
Trh-M-800018,AL_L,0.8519,161,189
Trh-M-800020,ME_L,0.9517,1300,1366
Trh-M-800021,ME_L,0.9241,1108,1199
Trh-M-900002,ME_L,0.9415,1481,1573
Trh-M-900003,ME_R,0.9576,1602,1673
Trh-M-900005,ME_R,0.9528,121,127
Trh-M-900006,ME_L,0.9128,1329,1456
Trh-M-900019,ME_L,0.9089,1307,1438
Trh-M-900037,AVLP_L,0.8403,500,595
Trh-M-900043,ME_L,0.9109,971,1066
Trh-M-900050,ME_R,0.8271,177,214
Trh-M-900053,FB,0.9280,335,361
Trh-M-900055,AL_R,0.9791,750,766
Trh-M-900056,AL_R,0.9953,635,638
VGlut-F-000001,LO_R,0.8016,1362,1699
VGlut-F-000006,FB,0.9155,271,296
VGlut-F-000008,LOP_R,0.8626,113,131
VGlut-F-000014,GNG,1.0000,364,364
VGlut-F-000015,FB,0.9081,168,185
VGlut-F-000016,AVLP_R,0.8888,2054,2311
VGlut-F-000018,PB,0.9806,101,103
VGlut-F-000020,ME_L,0.9981,520,521
VGlut-F-000021,ME_R,0.9912,676,682
VGlut-F-000022,FB,0.8303,137,165
VGlut-F-000027,FB,0.9679,151,156
VGlut-F-000032,ME_L,1.0000,17,17
VGlut-F-000033,ME_L,1.0000,1,1
VGlut-F-000034,ME_R,1.0000,30,30
VGlut-F-000036,GNG,0.8276,797,963
VGlut-F-000037,ME_R,0.9911,554,559
VGlut-F-000038,LO_L,0.9709,1503,1548
VGlut-F-000039,FB,0.9057,269,297
VGlut-F-000041,FB,0.8477,167,197
VGlut-F-000045,ME_L,0.9899,683,690
VGlut-F-000047,ME_R,0.9969,326,327
VGlut-F-000048,FB,0.8649,128,148
VGlut-F-000050,ME_R,0.9642,323,335
VGlut-F-000051,FB,0.9031,205,227
VGlut-F-000062,GNG,0.9023,462,512
VGlut-F-000064,ME_L,0.9803,646,659
VGlut-F-000073,FB,0.9664,144,149
VGlut-F-000076,ME_L,1.0000,169,169
VGlut-F-000077,SMP_L,0.8063,670,831
VGlut-F-000079,ME_R,0.9913,340,343
VGlut-F-000080,FB,0.8872,236,266
VGlut-F-000083,GNG,0.9804,649,662
VGlut-F-000084,LOP_R,0.9866,367,372
VGlut-F-000085,GNG,1.0000,414,414
VGlut-F-000087,ME_L,1.0000,21,21
VGlut-F-000092,ME_L,0.9966,289,290
VGlut-F-000093,ME_L,1.0000,143,143
VGlut-F-000095,LO_R,0.9405,79,84
VGlut-F-000096,ME_R,1.0000,21,21
VGlut-F-000097,FB,0.9065,223,246
VGlut-F-000100,GNG,1.0000,382,382
VGlut-F-000102,ME_R,0.9815,530,540
VGlut-F-000103,FB,0.9282,181,195
VGlut-F-000105,FB,0.8766,135,154
VGlut-F-000108,PB,1.0000,65,65
VGlut-F-000112,ME_L,0.9942,513,516
VGlut-F-000122,ME_L,1.0000,23,23
VGlut-F-000123,ME_L,1.0000,22,22
VGlut-F-000124,ME_L,0.9297,344,370
VGlut-F-000127,ME_R,1.0000,18,18
VGlut-F-000133,LOP_L,0.8065,200,248
VGlut-F-000139,FB,0.8947,136,152
VGlut-F-000142,PB,0.8485,112,132
VGlut-F-000149,GNG,0.8442,325,385
VGlut-F-000152,ME_R,0.8322,362,435
VGlut-F-000156,PB,0.9821,165,168
VGlut-F-000157,AL_L,0.9812,1514,1543
VGlut-F-000165,PB,0.8658,129,149
VGlut-F-000166,FB,0.8774,136,155
VGlut-F-000171,FB,0.8957,189,211
VGlut-F-000175,IPS_L,0.8671,150,173
VGlut-F-000180,PB,0.8882,143,161
VGlut-F-000182,ME_R,0.8376,98,117
VGlut-F-000183,ME_R,1.0000,64,64
VGlut-F-000185,GNG,0.8774,408,465
VGlut-F-000194,GNG,0.8746,272,311
VGlut-F-000196,ME_L,1.0000,633,633
VGlut-F-000205,ME_L,1.0000,255,255
VGlut-F-000207,GNG,0.9686,339,350
VGlut-F-000210,FB,0.8378,155,185
VGlut-F-000215,ME_R,1.0000,29,29
VGlut-F-000219,ME_L,1.0000,20,20
VGlut-F-000223,ME_R,1.0000,44,44
VGlut-F-000225,ME_R,1.0000,37,37
VGlut-F-000231,FB,0.9550,212,222
VGlut-F-000233,ME_R,1.0000,24,24
VGlut-F-000234,ME_L,1.0000,106,106
VGlut-F-000235,ME_L,1.0000,17,17
VGlut-F-000238,FB,0.9023,194,215
VGlut-F-000241,LOP_L,0.8769,905,1032
VGlut-F-000245,GNG,1.0000,301,301
VGlut-F-000248,AL_R,0.8700,174,200
VGlut-F-000249,GNG,0.8519,374,439
VGlut-F-000250,AVLP_R,0.9510,524,551
VGlut-F-000254,GNG,0.8536,519,608
VGlut-F-000255,ME_L,1.0000,21,21
VGlut-F-000256,ME_L,1.0000,29,29
VGlut-F-000261,AL_R,0.9027,1373,1521
VGlut-F-000266,AVLP_L,0.9369,653,697
VGlut-F-000272,PRW,0.8220,277,337
VGlut-F-000275,ME_R,0.9774,260,266
VGlut-F-000291,ME_L,1.0000,38,38
VGlut-F-000292,ME_L,1.0000,62,62
VGlut-F-000293,AL_L,1.0000,778,778
VGlut-F-000296,ME_L,1.0000,157,157
VGlut-F-000299,AVLP_R,0.8677,269,310
VGlut-F-000300,FB,0.9383,152,162
VGlut-F-000306,ME_L,1.0000,27,27
VGlut-F-000309,LO_L,0.8118,220,271
VGlut-F-000312,PB,0.9943,175,176
VGlut-F-000314,FB,0.9349,158,169
VGlut-F-000315,ME_R,0.9911,555,560
VGlut-F-000316,GNG,0.9953,425,427
VGlut-F-000317,FB,0.9497,151,159
VGlut-F-000318,GNG,1.0000,154,154
VGlut-F-000319,FB,0.8636,152,176
VGlut-F-000321,AL_L,0.8813,334,379
VGlut-F-000325,ME_R,0.9808,358,365
VGlut-F-000331,AL_L,0.8613,354,411
VGlut-F-000337,AL_L,0.9753,1265,1297
VGlut-F-000348,AL_R,0.8709,452,519
VGlut-F-000352,GNG,1.0000,87,87
VGlut-F-000355,AL_R,0.9588,1372,1431
VGlut-F-000363,ME_R,1.0000,147,147
VGlut-F-000368,AVLP_L,0.8516,545,640
VGlut-F-000370,AL_L,0.8355,711,851
VGlut-F-000374,PB,0.9689,156,161
VGlut-F-000379,PB,1.0000,65,65
VGlut-F-000381,ME_R,1.0000,18,18
VGlut-F-000382,FB,0.9091,150,165
VGlut-F-000383,ME_R,1.0000,22,22
VGlut-F-000384,FB,0.9456,139,147
VGlut-F-000385,SMP_L,0.8328,508,610
VGlut-F-000387,LO_L,0.8462,110,130
VGlut-F-000388,ME_L,1.0000,15,15
VGlut-F-000392,ME_R,1.0000,26,26
VGlut-F-000393,FB,0.9568,133,139
VGlut-F-000394,ME_R,1.0000,97,97
VGlut-F-000395,ME_L,1.0000,17,17
VGlut-F-000401,ME_L,1.0000,69,69
VGlut-F-000402,ME_L,1.0000,73,73
VGlut-F-000403,ME_L,1.0000,20,20
VGlut-F-000407,FB,0.9526,181,190
VGlut-F-000409,ME_R,1.0000,29,29
VGlut-F-000411,AL_L,0.9879,1063,1076
VGlut-F-000414,ME_L,1.0000,30,30
VGlut-F-000415,LO_L,1.0000,107,107
VGlut-F-000416,ME_L,1.0000,23,23
VGlut-F-000417,FB,0.9539,207,217
VGlut-F-000418,GNG,0.9729,359,369
VGlut-F-000423,FB,0.9336,197,211
VGlut-F-000432,ME_R,0.9951,1211,1217
VGlut-F-000437,ME_R,1.0000,98,98
VGlut-F-000438,ME_R,1.0000,131,131
VGlut-F-000439,ME_R,1.0000,104,104
VGlut-F-000440,AL_R,0.8713,1367,1569
VGlut-F-000443,ME_R,1.0000,7,7
VGlut-F-000452,GNG,0.9259,75,81
VGlut-F-000459,ME_L,0.9942,341,343
VGlut-F-000460,ME_L,0.9776,218,223
VGlut-F-000461,ME_R,1.0000,68,68
VGlut-F-000464,GNG,0.8465,331,391
VGlut-F-000466,ME_R,0.9964,276,277
VGlut-F-000467,ME_L,1.0000,293,293
VGlut-F-000470,LOP_L,0.8186,194,237
VGlut-F-000471,ME_L,1.0000,23,23
VGlut-F-000475,AL_R,0.9573,1189,1242
VGlut-F-000479,FB,0.8873,189,213
VGlut-F-000480,LOP_R,1.0000,280,280
VGlut-F-000484,FB,0.9286,130,140
VGlut-F-000485,AL_L,0.8806,273,310
VGlut-F-000486,LOP_L,0.8425,107,127
VGlut-F-000487,FB,0.8197,100,122
VGlut-F-000491,AL_R,0.8566,221,258
VGlut-F-000494,ME_R,0.9839,305,310
VGlut-F-000497,ME_L,1.0000,25,25
VGlut-F-000500,LOP_L,1.0000,35,35
VGlut-F-000504,LOP_L,0.8027,297,370
VGlut-F-000505,LOP_L,0.8480,106,125
VGlut-F-000507,ME_L,1.0000,26,26
VGlut-F-000508,ME_L,1.0000,19,19
VGlut-F-000509,ME_L,1.0000,42,42
VGlut-F-000513,ME_R,0.8252,472,572
VGlut-F-000521,AVLP_L,1.0000,570,570
VGlut-F-000522,ME_R,1.0000,264,264
VGlut-F-000524,AL_R,0.9491,1269,1337
VGlut-F-000525,FB,0.9286,130,140
VGlut-F-000530,FB,0.8646,166,192
VGlut-F-000536,LOP_R,0.9457,87,92
VGlut-F-000538,FB,0.9613,149,155
VGlut-F-000539,FB,0.9615,150,156
VGlut-F-000540,FB,0.9349,158,169
VGlut-F-000543,LOP_L,1.0000,62,62
VGlut-F-000548,FB,0.8792,131,149
VGlut-F-000549,PB,0.8286,87,105
VGlut-F-000551,ME_R,1.0000,18,18
VGlut-F-000552,ME_R,1.0000,18,18
VGlut-F-000553,FB,0.9583,253,264
VGlut-F-000560,AL_L,0.9976,409,410
VGlut-F-000564,ME_R,0.9817,214,218
VGlut-F-000567,FB,0.8095,153,189
VGlut-F-000569,ME_L,1.0000,33,33
VGlut-F-000570,ME_R,1.0000,73,73
VGlut-F-000571,ME_R,1.0000,26,26
VGlut-F-000572,FB,0.8971,157,175
VGlut-F-000576,FB,0.8531,151,177
VGlut-F-000578,ME_L,1.0000,21,21
VGlut-F-000581,ME_L,1.0000,12,12
VGlut-F-000582,LO_L,0.8084,1667,2062
VGlut-F-000587,PB,1.0000,111,111
VGlut-F-000588,FB,0.9466,195,206
VGlut-F-000591,AVLP_L,1.0000,1,1
VGlut-F-000597,ME_R,1.0000,212,212
VGlut-F-000598,LOP_L,0.8115,99,122
VGlut-F-000601,LOP_L,0.8862,818,923
VGlut-F-000604,ME_L,1.0000,28,28
VGlut-F-000605,ME_L,1.0000,1,1
VGlut-F-000608,FB,0.8050,128,159
VGlut-F-000610,ME_L,1.0000,316,316
VGlut-F-000612,FB,0.9235,157,170
VGlut-F-000615,LOP_R,0.8333,220,264
VGlut-F-000616,ME_R,1.0000,27,27
VGlut-F-000617,FB,0.9419,292,310
VGlut-F-000619,PB,1.0000,146,146
VGlut-F-000626,FB,0.9738,223,229
VGlut-F-000628,FB,0.9032,196,217
VGlut-F-000630,FB,0.9433,183,194
VGlut-F-000634,PB,0.9873,78,79
VGlut-F-000638,AVLP_L,0.8290,349,421
VGlut-F-000643,LAL_R,0.8000,288,360
VGlut-F-000644,FB,0.9139,138,151
VGlut-F-000646,FB,0.9135,169,185
VGlut-F-000649,ME_R,1.0000,244,244
VGlut-F-000650,FB,0.9770,170,174
VGlut-F-000653,PB,0.9860,141,143
VGlut-F-000658,ME_L,1.0000,9,9
VGlut-F-000666,ME_L,1.0000,16,16
VGlut-F-000670,LO_L,0.8902,154,173
VGlut-F-000673,FB,0.8953,171,191
VGlut-F-000676,FB,0.9673,207,214
VGlut-F-000677,IPS_L,0.8018,182,227
VGlut-F-000679,FB,0.8934,218,244
VGlut-F-000680,AL_L,0.9729,1148,1180
VGlut-F-000682,FB,0.8889,184,207
VGlut-F-000683,FB,0.8667,182,210
VGlut-F-000684,FB,0.9279,193,208
VGlut-F-000685,FB,0.9114,247,271
VGlut-F-100000,PB,0.8611,155,180
VGlut-F-100001,AVLP_L,0.9979,467,468
VGlut-F-100004,ME_R,1.0000,472,472
VGlut-F-100005,FB,0.8079,122,151
VGlut-F-100010,ME_L,1.0000,60,60
VGlut-F-100011,ME_L,0.9873,78,79
VGlut-F-100012,ME_L,1.0000,55,55
VGlut-F-100019,FB,0.8308,162,195
VGlut-F-100021,FB,0.8696,160,184
VGlut-F-100023,FB,0.8313,133,160
VGlut-F-100026,FB,0.9720,139,143
VGlut-F-100029,ME_R,0.9878,649,657
VGlut-F-100034,FB,0.9272,191,206
VGlut-F-100043,LO_R,0.8000,116,145
VGlut-F-100048,ME_R,0.9940,496,499
VGlut-F-100050,ME_L,1.0000,25,25
VGlut-F-100055,ME_L,0.9972,355,356
VGlut-F-100057,LO_L,1.0000,119,119
VGlut-F-100058,ME_L,1.0000,37,37
VGlut-F-100059,ME_L,1.0000,17,17
VGlut-F-100061,ME_R,0.9801,937,956
VGlut-F-100064,PB,1.0000,180,180
VGlut-F-100066,ME_R,0.9842,561,570
VGlut-F-100070,FB,0.8586,85,99
VGlut-F-100075,AL_L,0.9416,145,154
VGlut-F-100082,PB,1.0000,70,70
VGlut-F-100085,AVLP_L,0.9427,148,157
VGlut-F-100091,FB,0.9074,196,216
VGlut-F-100093,PB,0.9859,70,71
VGlut-F-100100,ME_L,0.9750,312,320
VGlut-F-100104,FB,0.9158,174,190
VGlut-F-100107,ME_L,1.0000,76,76
VGlut-F-100111,LOP_L,0.8830,830,940
VGlut-F-100117,GNG,0.9511,428,450
VGlut-F-100123,SLP_L,0.8487,701,826
VGlut-F-100126,LOP_L,0.9359,263,281
VGlut-F-100127,ME_L,1.0000,24,24
VGlut-F-100138,FB,0.9588,186,194
VGlut-F-100145,ME_R,0.9813,262,267
VGlut-F-100148,FB,0.9104,193,212
VGlut-F-100149,ME_L,1.0000,679,679
VGlut-F-100152,AVLP_R,0.9940,331,333
VGlut-F-100153,GNG,1.0000,341,341
VGlut-F-100155,GNG,0.8515,757,889
VGlut-F-100159,FB,0.9100,182,200
VGlut-F-100162,ME_R,1.0000,29,29
VGlut-F-100164,FB,0.8521,121,142
VGlut-F-100166,ME_L,1.0000,30,30
VGlut-F-100170,FB,0.9196,183,199
VGlut-F-100172,AL_L,0.8030,106,132
VGlut-F-100174,FB,0.9650,138,143
VGlut-F-100180,FB,0.9184,180,196
VGlut-F-100181,FB,0.9695,159,164
VGlut-F-100182,FB,0.9371,149,159
VGlut-F-100185,ME_L,1.0000,22,22
VGlut-F-100186,LOP_L,0.8820,142,161
VGlut-F-100189,AL_R,0.9779,1104,1129
VGlut-F-100190,ME_L,1.0000,933,933
VGlut-F-100191,FB,0.9571,156,163
VGlut-F-100192,AL_L,0.8148,88,108
VGlut-F-100194,ME_L,1.0000,34,34
VGlut-F-100197,PB,0.9655,112,116
VGlut-F-100201,ME_L,1.0000,20,20
VGlut-F-100202,ME_R,1.0000,22,22
VGlut-F-100206,AL_L,0.8797,212,241
VGlut-F-100207,FB,0.8644,102,118
VGlut-F-100208,FB,0.8873,126,142
VGlut-F-100209,ME_L,1.0000,29,29
VGlut-F-100210,LO_L,0.8134,170,209
VGlut-F-100211,LO_R,1.0000,104,104
VGlut-F-100212,ME_R,1.0000,39,39
VGlut-F-100213,FB,0.9261,188,203
VGlut-F-100215,FB,0.9427,148,157
VGlut-F-100223,AL_R,0.9040,1431,1583
VGlut-F-100231,ME_R,0.9925,527,531
VGlut-F-100236,ME_L,0.9621,305,317
VGlut-F-100237,SMP_L,0.8452,1212,1434
VGlut-F-100238,AL_L,0.9724,1831,1883
VGlut-F-100247,AL_R,0.9858,1463,1484
VGlut-F-100248,FB,0.9626,180,187
VGlut-F-100249,FB,0.9270,127,137
VGlut-F-100250,FB,0.9492,168,177
VGlut-F-100251,FB,0.9333,210,225
VGlut-F-100253,FB,0.9067,204,225
VGlut-F-100254,FB,0.8151,119,146
VGlut-F-100255,FB,0.9497,151,159
VGlut-F-100260,FB,0.9237,121,131
VGlut-F-100261,ME_R,1.0000,313,313
VGlut-F-100263,FB,0.9059,154,170
VGlut-F-100266,ME_L,0.9951,205,206
VGlut-F-100271,FB,0.9343,185,198
VGlut-F-100276,ME_R,1.0000,83,83
VGlut-F-100278,FB,0.9551,170,178
VGlut-F-100279,ME_L,0.9956,457,459
VGlut-F-100285,LOP_L,1.0000,280,280
VGlut-F-100286,ME_R,0.9972,355,356
VGlut-F-100288,FB,0.9494,150,158
VGlut-F-100289,ME_R,1.0000,18,18
VGlut-F-100292,FB,0.9343,185,198
VGlut-F-100293,AL_R,0.9372,2103,2244
VGlut-F-100294,ME_R,1.0000,20,20
VGlut-F-100295,ME_R,1.0000,19,19
VGlut-F-100296,ME_L,1.0000,23,23
VGlut-F-100297,LOP_L,0.8088,110,136
VGlut-F-100298,ME_L,1.0000,21,21
VGlut-F-100299,ME_L,1.0000,26,26
VGlut-F-100300,FB,0.9647,164,170
VGlut-F-100303,FB,0.9851,199,202
VGlut-F-100304,LOP_R,0.8452,71,84
VGlut-F-100305,ME_R,1.0000,31,31
VGlut-F-100306,FB,0.9545,189,198
VGlut-F-100309,ME_R,1.0000,20,20
VGlut-F-100310,FB,0.9471,179,189
VGlut-F-100314,ME_L,1.0000,39,39
VGlut-F-100315,ME_L,1.0000,20,20
VGlut-F-100317,ME_R,1.0000,259,259
VGlut-F-100319,ME_L,0.9856,273,277
VGlut-F-100320,FB,0.9154,184,201
VGlut-F-100321,FB,0.9699,161,166
VGlut-F-100322,LO_L,1.0000,91,91
VGlut-F-100324,ME_R,1.0000,27,27
VGlut-F-100325,LOP_R,0.9972,354,355
VGlut-F-100327,ME_R,1.0000,9,9
VGlut-F-100329,ME_L,1.0000,2,2
VGlut-F-100331,ME_L,1.0000,14,14
VGlut-F-100332,ME_L,1.0000,15,15
VGlut-F-100333,ME_L,1.0000,19,19
VGlut-F-100334,ME_L,1.0000,18,18
VGlut-F-100337,ME_R,1.0000,84,84
VGlut-F-100338,FB,0.8589,140,163
VGlut-F-100339,FB,0.9159,196,214
VGlut-F-100341,LOP_R,0.8235,98,119
VGlut-F-100342,FB,0.9542,146,153
VGlut-F-100345,ME_L,1.0000,51,51
VGlut-F-100349,AL_R,0.9430,182,193
VGlut-F-100350,AL_L,0.9663,775,802
VGlut-F-100353,FB,0.9313,149,160
VGlut-F-100367,AL_L,0.8925,382,428
VGlut-F-100373,IPS_R,0.8543,170,199
VGlut-F-100374,AL_R,0.8165,574,703
VGlut-F-100377,AL_R,0.8635,443,513
VGlut-F-100380,AL_R,0.8755,471,538
VGlut-F-100382,FB,0.9471,179,189
VGlut-F-100383,IPS_L,0.9162,153,167
VGlut-F-100384,IPS_R,0.8431,129,153
VGlut-F-100387,ME_L,0.9084,684,753
VGlut-F-100388,FB,0.9467,142,150
VGlut-F-100393,SMP_L,0.8248,645,782
VGlut-F-100396,FB,0.9630,208,216
VGlut-F-200001,PB,0.8955,120,134
VGlut-F-200006,PB,0.8356,122,146
VGlut-F-200007,ME_L,1.0000,31,31
VGlut-F-200009,LOP_R,1.0000,248,248
VGlut-F-200010,ME_L,1.0000,9,9
VGlut-F-200011,LOP_L,0.8595,208,242
VGlut-F-200016,LOP_L,0.8182,90,110
VGlut-F-200017,ME_L,1.0000,32,32
VGlut-F-200018,GNG,0.9602,362,377
VGlut-F-200019,ME_R,1.0000,350,350
VGlut-F-200021,LH_L,0.8282,453,547
VGlut-F-200023,AL_R,0.9342,341,365
VGlut-F-200025,AL_R,0.9433,716,759
VGlut-F-200026,SLP_L,0.8665,331,382
VGlut-F-200027,FB,0.9448,154,163
VGlut-F-200028,LO_R,0.8184,284,347
VGlut-F-200031,ME_L,1.0000,44,44
VGlut-F-200033,ME_L,1.0000,30,30
VGlut-F-200037,ME_R,1.0000,25,25
VGlut-F-200038,ME_R,1.0000,25,25
VGlut-F-200039,ME_L,1.0000,130,130
VGlut-F-200043,ME_R,0.9816,373,380
VGlut-F-200046,FB,0.8821,202,229
VGlut-F-200055,ME_R,0.9595,498,519
VGlut-F-200057,FB,0.9760,163,167
VGlut-F-200061,ME_R,1.0000,20,20
VGlut-F-200064,ME_R,1.0000,17,17
VGlut-F-200066,ME_L,1.0000,20,20
VGlut-F-200067,ME_R,0.9892,460,465
VGlut-F-200071,GNG,1.0000,249,249
VGlut-F-200073,PB,0.9775,174,178
VGlut-F-200074,ME_L,0.9914,577,582
VGlut-F-200076,ME_L,1.0000,81,81
VGlut-F-200082,ME_R,0.9926,404,407
VGlut-F-200083,ME_R,1.0000,499,499
VGlut-F-200089,ME_L,0.9053,1224,1352
VGlut-F-200090,ME_R,0.9730,36,37
VGlut-F-200092,ME_R,0.9848,325,330
VGlut-F-200094,ME_R,0.9907,427,431
VGlut-F-200095,ME_L,1.0000,289,289
VGlut-F-200097,FB,0.9419,162,172
VGlut-F-200101,ME_R,1.0000,9,9
VGlut-F-200102,ME_L,1.0000,25,25
VGlut-F-200104,ME_L,1.0000,14,14
VGlut-F-200105,FB,0.8962,190,212
VGlut-F-200106,PB,0.9902,101,102
VGlut-F-200107,FB,0.9542,146,153
VGlut-F-200109,LO_R,1.0000,127,127
VGlut-F-200111,ME_L,1.0000,47,47
VGlut-F-200115,AL_R,0.9231,492,533
VGlut-F-200117,FB,0.8812,304,345
VGlut-F-200122,ME_R,1.0000,36,36
VGlut-F-200129,LO_R,0.8038,1430,1779
VGlut-F-200135,ME_L,0.9375,75,80
VGlut-F-200137,ME_L,1.0000,65,65
VGlut-F-200138,ME_L,1.0000,26,26
VGlut-F-200139,ME_R,1.0000,30,30
VGlut-F-200140,LO_R,1.0000,80,80
VGlut-F-200141,ME_R,0.9807,305,311
VGlut-F-200145,ME_L,0.8536,834,977
VGlut-F-200148,LOP_L,0.9902,101,102
VGlut-F-200149,ME_L,1.0000,15,15
VGlut-F-200150,ME_R,0.9968,312,313
VGlut-F-200154,GNG,0.9007,916,1017
VGlut-F-200155,ME_R,0.9797,386,394
VGlut-F-200160,LOP_R,0.8595,159,185
VGlut-F-200162,FB,0.9055,182,201
VGlut-F-200169,FB,0.9176,167,182
VGlut-F-200171,ME_R,1.0000,99,99
VGlut-F-200173,LOP_L,0.8712,1075,1234
VGlut-F-200176,SMP_R,0.8681,283,326
VGlut-F-200177,LO_L,0.8361,51,61
VGlut-F-200178,ME_R,1.0000,37,37
VGlut-F-200182,ME_R,1.0000,22,22
VGlut-F-200183,ME_R,1.0000,90,90
VGlut-F-200185,ME_R,0.9937,627,631
VGlut-F-200191,LOP_L,0.8387,104,124
VGlut-F-200195,FB,0.9342,142,152
VGlut-F-200196,SMP_L,0.8339,452,542
VGlut-F-200201,ME_R,1.0000,21,21
VGlut-F-200204,ME_R,0.8762,729,832
VGlut-F-200206,ME_L,1.0000,425,425
VGlut-F-200211,FB,0.9217,200,217
VGlut-F-200212,FB,0.9879,163,165
VGlut-F-200213,AVLP_R,0.9438,588,623
VGlut-F-200215,LO_L,1.0000,118,118
VGlut-F-200222,ME_R,1.0000,15,15
VGlut-F-200223,ME_R,1.0000,35,35
VGlut-F-200227,FB,0.8978,123,137
VGlut-F-200229,ME_R,1.0000,27,27
VGlut-F-200234,ME_R,1.0000,43,43
VGlut-F-200236,GNG,0.9396,498,530
VGlut-F-200238,ME_L,0.9642,296,307
VGlut-F-200239,LO_R,1.0000,104,104
VGlut-F-200240,LOP_R,1.0000,104,104
VGlut-F-200241,AL_L,0.8784,195,222
VGlut-F-200243,FB,0.8613,118,137
VGlut-F-200246,FB,0.8967,165,184
VGlut-F-200248,FB,0.8144,158,194
VGlut-F-200249,ME_L,0.9983,1193,1195
VGlut-F-200257,LH_R,0.8343,151,181
VGlut-F-200259,AL_L,0.9789,1436,1467
VGlut-F-200264,AL_L,0.8368,282,337
VGlut-F-200265,AVLP_L,0.8272,426,515
VGlut-F-200266,AL_L,0.9946,1854,1864
VGlut-F-200270,ME_R,0.9174,200,218
VGlut-F-200272,ME_R,0.8098,132,163
VGlut-F-200273,ME_R,1.0000,50,50
VGlut-F-200276,GNG,0.9160,120,131
VGlut-F-200277,AL_L,0.9572,1433,1497
VGlut-F-200279,AVLP_L,0.9735,220,226
VGlut-F-200280,FB,0.8535,134,157
VGlut-F-200283,FB,0.8720,143,164
VGlut-F-200288,ME_R,1.0000,32,32
VGlut-F-200289,ME_L,1.0000,25,25
VGlut-F-200290,LOP_L,0.8017,93,116
VGlut-F-200291,ME_L,1.0000,3,3
VGlut-F-200299,ME_L,1.0000,13,13
VGlut-F-200301,ME_L,1.0000,31,31
VGlut-F-200302,FB,0.9045,142,157
VGlut-F-200304,ME_R,0.9828,342,348
VGlut-F-200305,ME_R,1.0000,16,16
VGlut-F-200307,FB,0.8361,102,122
VGlut-F-200309,ME_L,1.0000,18,18
VGlut-F-200312,ME_L,1.0000,37,37
VGlut-F-200317,ME_R,0.9884,341,345
VGlut-F-200321,PB,1.0000,101,101
VGlut-F-200326,ME_R,0.8024,528,658
VGlut-F-200327,ME_L,1.0000,13,13
VGlut-F-200329,ME_L,1.0000,29,29
VGlut-F-200330,FB,0.9127,115,126
VGlut-F-200331,FB,0.9354,246,263
VGlut-F-200332,ME_R,1.0000,29,29
VGlut-F-200335,ME_R,1.0000,16,16
VGlut-F-200336,ME_L,1.0000,21,21
VGlut-F-200337,ME_L,1.0000,25,25
VGlut-F-200338,FB,0.9383,76,81
VGlut-F-200339,FB,0.9383,152,162
VGlut-F-200341,FB,0.8013,121,151
VGlut-F-200342,ME_L,0.9882,334,338
VGlut-F-200343,FB,0.9482,183,193
VGlut-F-200344,FB,0.9121,218,239
VGlut-F-200345,FB,0.9633,210,218
VGlut-F-200347,FB,0.9567,221,231
VGlut-F-200352,LOP_L,0.8276,96,116
VGlut-F-200360,FB,0.8864,156,176
VGlut-F-200361,FB,0.9143,128,140
VGlut-F-200365,ME_L,0.9689,343,354
VGlut-F-200366,FB,0.9435,234,248
VGlut-F-200371,GNG,0.9183,551,600
VGlut-F-200373,ME_R,1.0000,20,20
VGlut-F-200376,ME_R,1.0000,41,41
VGlut-F-200377,LOP_R,1.0000,81,81
VGlut-F-200378,FB,0.9091,160,176
VGlut-F-200379,LOP_R,0.9008,118,131
VGlut-F-200380,ME_R,1.0000,23,23
VGlut-F-200382,LH_L,0.8241,431,523
VGlut-F-200385,LO_R,0.8137,131,161
VGlut-F-200387,ME_R,0.9625,257,267
VGlut-F-200388,FB,0.8952,205,229
VGlut-F-200389,LH_R,0.8602,160,186
VGlut-F-200391,ME_R,0.9773,344,352
VGlut-F-200393,ME_R,1.0000,36,36
VGlut-F-200399,FB,0.8817,164,186
VGlut-F-200401,ME_L,1.0000,231,231
VGlut-F-200404,FB,0.8492,152,179
VGlut-F-200406,FB,0.9590,117,122
VGlut-F-200408,ME_R,0.9776,262,268
VGlut-F-200409,LO_L,0.9820,382,389
VGlut-F-200410,ME_L,1.0000,15,15
VGlut-F-200411,ME_L,1.0000,16,16
VGlut-F-200416,ME_R,1.0000,15,15
VGlut-F-200417,FB,0.9098,121,133
VGlut-F-200418,PB,0.8844,130,147
VGlut-F-200419,ME_R,1.0000,949,949
VGlut-F-200423,ME_R,1.0000,236,236
VGlut-F-200426,AL_R,0.9953,422,424
VGlut-F-200432,FB,0.9419,146,155
VGlut-F-200435,ME_R,1.0000,343,343
VGlut-F-200436,ME_L,1.0000,278,278
VGlut-F-200438,PB,0.9304,107,115
VGlut-F-200446,FB,0.8617,162,188
VGlut-F-200450,FB,0.8939,177,198
VGlut-F-200451,FB,0.9209,163,177
VGlut-F-200452,FB,0.9303,187,201
VGlut-F-200456,ME_R,1.0000,370,370
VGlut-F-200457,FB,0.8471,133,157
VGlut-F-200458,ME_L,1.0000,246,246
VGlut-F-200460,ME_R,0.9882,251,254
VGlut-F-200461,AL_R,0.9000,135,150
VGlut-F-200463,ME_L,1.0000,219,219
VGlut-F-200465,LOP_L,0.9840,370,376
VGlut-F-200467,FB,0.9418,178,189
VGlut-F-200468,FB,0.9657,225,233
VGlut-F-200470,FB,0.9157,163,178
VGlut-F-200473,FB,0.9367,222,237
VGlut-F-200475,ME_R,1.0000,25,25
VGlut-F-200479,ME_R,1.0000,20,20
VGlut-F-200480,ME_R,1.0000,25,25
VGlut-F-200482,PB,0.9485,92,97
VGlut-F-200484,ME_R,1.0000,65,65
VGlut-F-200486,ME_R,1.0000,244,244
VGlut-F-200487,ME_R,1.0000,48,48
VGlut-F-200488,ME_R,1.0000,41,41
VGlut-F-200490,FB,0.8631,145,168
VGlut-F-200492,FB,0.9394,93,99
VGlut-F-200494,EB,0.8061,158,196
VGlut-F-200496,ME_L,1.0000,315,315
VGlut-F-200497,AL_L,0.8838,175,198
VGlut-F-200499,ME_L,1.0000,33,33
VGlut-F-200501,FB,0.8617,162,188
VGlut-F-200502,LO_L,0.8972,358,399
VGlut-F-200503,ME_L,1.0000,1,1
VGlut-F-200504,ME_L,1.0000,33,33
VGlut-F-200506,ME_R,0.9698,257,265
VGlut-F-200507,FB,0.9517,138,145
VGlut-F-200510,ME_L,1.0000,296,296
VGlut-F-200514,FB,0.9713,169,174
VGlut-F-200515,LOP_L,1.0000,151,151
VGlut-F-200516,LO_L,0.9639,80,83
VGlut-F-200519,GNG,0.9419,324,344
VGlut-F-200521,ME_L,1.0000,264,264
VGlut-F-200522,FB,0.8381,176,210
VGlut-F-200524,ME_R,1.0000,22,22
VGlut-F-200527,FB,0.9427,148,157
VGlut-F-200529,ME_R,1.0000,27,27
VGlut-F-200534,PB,1.0000,207,207
VGlut-F-200535,FB,0.8456,126,149
VGlut-F-200541,ME_L,1.0000,9,9
VGlut-F-200542,LO_L,0.8824,60,68
VGlut-F-200545,ME_L,1.0000,30,30
VGlut-F-200548,FB,0.9254,186,201
VGlut-F-200553,FB,0.8795,197,224
VGlut-F-200554,FB,0.9459,140,148
VGlut-F-200561,FB,0.9405,174,185
VGlut-F-200564,LO_R,0.8537,175,205
VGlut-F-200570,PB,1.0000,78,78
VGlut-F-200573,FB,0.8405,137,163
VGlut-F-200575,AL_L,0.9433,233,247
VGlut-F-200576,FB,0.9067,175,193
VGlut-F-200581,FB,0.9125,146,160
VGlut-F-200582,FB,0.9220,189,205
VGlut-F-200585,FB,0.8716,95,109
VGlut-F-200591,FB,0.8224,125,152
VGlut-F-200593,FB,0.9032,168,186
VGlut-F-200602,GNG,0.8583,430,501
VGlut-F-300002,PB,0.9231,12,13
VGlut-F-300006,GNG,0.8421,240,285
VGlut-F-300007,ME_R,0.9900,690,697
VGlut-F-300009,IB_R,1.0000,3,3
VGlut-F-300010,ME_L,1.0000,30,30
VGlut-F-300012,PB,0.9600,96,100
VGlut-F-300018,ME_L,1.0000,210,210
VGlut-F-300022,SMP_L,0.8624,401,465
VGlut-F-300024,ME_L,1.0000,38,38
VGlut-F-300028,ME_L,0.9817,376,383
VGlut-F-300029,ME_L,1.0000,34,34
VGlut-F-300034,ME_L,1.0000,28,28
VGlut-F-300036,FB,0.8650,205,237
VGlut-F-300043,AL_R,0.8988,231,257
VGlut-F-300044,FB,0.9275,179,193
VGlut-F-300048,AL_R,0.9474,738,779
VGlut-F-300049,ME_R,1.0000,791,791
VGlut-F-300051,PB,1.0000,5,5
VGlut-F-300052,ME_L,1.0000,72,72
VGlut-F-300053,ME_L,0.9531,61,64
VGlut-F-300054,LOP_R,0.8360,209,250
VGlut-F-300055,ME_L,1.0000,25,25
VGlut-F-300057,ME_R,1.0000,43,43
VGlut-F-300058,LOP_R,0.9697,128,132
VGlut-F-300059,FB,0.9052,105,116
VGlut-F-300061,ME_L,1.0000,1,1
VGlut-F-300065,FB,0.9130,168,184
VGlut-F-300067,PB,0.9948,190,191
VGlut-F-300068,FB,0.8341,191,229
VGlut-F-300071,LOP_L,0.8054,149,185
VGlut-F-300073,ME_R,1.0000,36,36
VGlut-F-300075,ME_R,1.0000,39,39
VGlut-F-300076,ME_R,1.0000,25,25
VGlut-F-300079,AL_L,0.9517,138,145
VGlut-F-300082,ME_L,0.9958,469,471
VGlut-F-300083,ME_R,0.9928,548,552
VGlut-F-300089,FB,0.9626,180,187
VGlut-F-300090,AL_L,0.9791,701,716
VGlut-F-300094,ME_L,1.0000,164,164
VGlut-F-300095,ME_R,1.0000,63,63
VGlut-F-300106,AL_L,0.9186,643,700
VGlut-F-300107,ME_L,1.0000,68,68
VGlut-F-300113,ME_L,1.0000,247,247
VGlut-F-300114,ME_R,0.9940,658,662
VGlut-F-300115,ME_R,0.9519,356,374
VGlut-F-300116,AL_L,0.8995,385,428
VGlut-F-300118,ME_L,1.0000,121,121
VGlut-F-300120,ME_R,1.0000,30,30
VGlut-F-300122,ME_L,1.0000,51,51
VGlut-F-300126,ME_R,1.0000,44,44
VGlut-F-300128,LOP_R,0.8151,97,119
VGlut-F-300129,ME_R,1.0000,43,43
VGlut-F-300130,ME_R,0.9930,425,428
VGlut-F-300131,ME_L,1.0000,89,89
VGlut-F-300135,ME_R,0.9894,936,946
VGlut-F-300137,LO_R,0.8012,689,860
VGlut-F-300148,ME_R,0.9657,366,379
VGlut-F-300149,FB,0.8278,125,151
VGlut-F-300151,LO_R,1.0000,72,72
VGlut-F-300155,ME_L,1.0000,10,10
VGlut-F-300156,LO_L,1.0000,84,84
VGlut-F-300157,LO_R,0.9901,1903,1922
VGlut-F-300161,ME_L,0.9815,318,324
VGlut-F-300164,ME_R,1.0000,39,39
VGlut-F-300166,LO_R,1.0000,76,76
VGlut-F-300169,FB,0.8641,159,184
VGlut-F-300172,ME_R,0.9794,285,291
VGlut-F-300174,ME_L,1.0000,33,33
VGlut-F-300177,PB,0.9630,182,189
VGlut-F-300180,ME_R,0.9883,424,429
VGlut-F-300182,LO_R,1.0000,97,97
VGlut-F-300183,AL_L,0.9114,617,677
VGlut-F-300186,AL_R,0.9549,1270,1330
VGlut-F-300188,ME_L,0.9941,339,341
VGlut-F-300190,AL_R,0.8543,211,247
VGlut-F-300191,FB,0.9384,137,146
VGlut-F-300194,ME_L,0.9941,336,338
VGlut-F-300201,AVLP_L,0.8528,695,815
VGlut-F-300202,GNG,0.8814,104,118
VGlut-F-300205,FB,0.8302,132,159
VGlut-F-300207,ME_R,1.0000,30,30
VGlut-F-300212,ME_L,0.9444,238,252
VGlut-F-300219,FB,0.8693,173,199
VGlut-F-300228,ME_R,0.9511,214,225
VGlut-F-300229,FB,0.9032,140,155
VGlut-F-300232,ME_R,0.9897,383,387
VGlut-F-300233,ME_L,1.0000,25,25
VGlut-F-300237,AL_L,0.9474,162,171
VGlut-F-300242,AL_L,0.8915,345,387
VGlut-F-300254,AL_R,0.8333,55,66
VGlut-F-300259,PB,0.9785,182,186
VGlut-F-300264,ME_L,0.9434,300,318
VGlut-F-300270,FB,0.9226,155,168
VGlut-F-300271,FB,0.9773,129,132
VGlut-F-300273,FB,0.9038,141,156
VGlut-F-300275,FB,0.8804,162,184
VGlut-F-300280,FB,0.8800,154,175
VGlut-F-300283,ME_R,1.0000,20,20
VGlut-F-300286,AL_L,1.0000,159,159
VGlut-F-300287,FB,0.9213,164,178
VGlut-F-300293,FB,0.8953,171,191
VGlut-F-300295,ME_R,1.0000,17,17
VGlut-F-300298,ME_L,0.9949,2743,2757
VGlut-F-300301,GNG,1.0000,61,61
VGlut-F-300303,PRW,0.8809,244,277
VGlut-F-300304,ME_L,1.0000,50,50
VGlut-F-300305,FB,0.8780,144,164
VGlut-F-300306,FB,0.9565,110,115
VGlut-F-300307,LO_L,1.0000,73,73
VGlut-F-300312,LO_R,1.0000,87,87
VGlut-F-300313,FB,0.8606,142,165
VGlut-F-300314,LO_R,0.9634,79,82
VGlut-F-300317,ME_L,1.0000,29,29
VGlut-F-300319,ME_R,0.9739,298,306
VGlut-F-300321,ME_L,1.0000,13,13
VGlut-F-300322,ME_L,1.0000,20,20
VGlut-F-300328,ME_R,0.9904,517,522
VGlut-F-300329,ME_L,1.0000,16,16
VGlut-F-300332,LOP_R,1.0000,436,436
VGlut-F-300334,ME_L,1.0000,34,34
VGlut-F-300335,LO_L,1.0000,113,113
VGlut-F-300337,ME_L,1.0000,32,32
VGlut-F-300338,FB,0.9714,136,140
VGlut-F-300339,AL_L,0.9872,538,545
VGlut-F-300340,ME_R,1.0000,16,16
VGlut-F-300343,ME_R,1.0000,11,11
VGlut-F-300344,ME_R,1.0000,19,19
VGlut-F-300346,LO_R,0.9609,123,128
VGlut-F-300353,LOP_R,0.9388,614,654
VGlut-F-300354,FB,0.8701,154,177
VGlut-F-300356,FB,0.9698,193,199
VGlut-F-300358,FB,0.9228,227,246
VGlut-F-300363,FB,0.9535,205,215
VGlut-F-300365,ME_L,1.0000,37,37
VGlut-F-300366,ME_R,1.0000,26,26
VGlut-F-300367,LOP_R,0.8197,100,122
VGlut-F-300372,FB,0.8772,200,228
VGlut-F-300373,ME_R,1.0000,35,35
VGlut-F-300375,ME_L,1.0000,325,325
VGlut-F-300377,AL_L,0.8157,177,217
VGlut-F-300381,ME_R,1.0000,20,20
VGlut-F-300383,AL_L,0.8154,106,130
VGlut-F-300384,ME_R,0.9890,359,363
VGlut-F-300389,ME_R,0.9951,204,205
VGlut-F-300390,ME_R,0.9979,469,470
VGlut-F-300394,ME_L,0.9911,444,448
VGlut-F-300395,AL_R,0.9335,337,361
VGlut-F-300398,AL_R,0.9372,671,716
VGlut-F-300401,ME_R,0.9520,238,250
VGlut-F-300402,ME_L,1.0000,337,337
VGlut-F-300403,FB,0.9037,197,218
VGlut-F-300404,GNG,0.9724,494,508
VGlut-F-300405,FB,0.9621,254,264
VGlut-F-300408,FB,0.9645,163,169
VGlut-F-300412,LO_L,0.9811,624,636
VGlut-F-300415,ME_R,0.9716,274,282
VGlut-F-300417,FB,0.9198,172,187
VGlut-F-300418,GNG,0.9256,311,336
VGlut-F-300419,LOP_R,0.8256,161,195
VGlut-F-300421,PB,0.9226,155,168
VGlut-F-300422,ME_L,1.0000,362,362
VGlut-F-300423,FB,0.8685,185,213
VGlut-F-300426,LO_R,0.8144,395,485
VGlut-F-300427,FB,0.8477,128,151
VGlut-F-300428,ME_L,0.9881,250,253
VGlut-F-300429,ME_R,0.9970,335,336
VGlut-F-300430,FB,0.8041,119,148
VGlut-F-300431,FB,0.9673,207,214
VGlut-F-300434,ME_L,1.0000,47,47
VGlut-F-300436,AL_L,0.9826,906,922
VGlut-F-300440,FB,0.9524,140,147
VGlut-F-300442,LH_R,0.8056,116,144
VGlut-F-300443,FB,0.9828,228,232
VGlut-F-300448,ME_L,1.0000,214,214
VGlut-F-300453,ME_L,1.0000,22,22
VGlut-F-300454,ME_L,1.0000,24,24
VGlut-F-300455,ME_L,1.0000,28,28
VGlut-F-300456,ME_L,1.0000,27,27
VGlut-F-300460,ME_L,1.0000,21,21
VGlut-F-300461,ME_L,1.0000,23,23
VGlut-F-300471,ME_L,0.9833,295,300
VGlut-F-300473,FB,0.8306,152,183
VGlut-F-300474,ME_L,1.0000,261,261
VGlut-F-300475,ME_R,1.0000,17,17
VGlut-F-300476,ME_R,1.0000,19,19
VGlut-F-300477,LOP_R,0.8370,77,92
VGlut-F-300478,GNG,0.9389,246,262
VGlut-F-300479,AL_L,1.0000,631,631
VGlut-F-300481,FB,0.8641,159,184
VGlut-F-300482,LO_L,0.8864,78,88
VGlut-F-300483,LO_L,1.0000,126,126
VGlut-F-300484,ME_L,1.0000,37,37
VGlut-F-300485,ME_L,1.0000,29,29
VGlut-F-300487,ME_R,1.0000,3,3
VGlut-F-300488,PB,0.9888,88,89
VGlut-F-300492,FB,0.8990,178,198
VGlut-F-300493,PB,0.8919,99,111
VGlut-F-300494,ME_L,0.8780,432,492
VGlut-F-300497,FB,0.9518,158,166
VGlut-F-300499,FB,0.9314,163,175
VGlut-F-300500,ME_L,1.0000,153,153
VGlut-F-300501,LOP_L,0.8389,427,509
VGlut-F-300502,LO_R,0.8493,62,73
VGlut-F-300503,FB,0.9727,178,183
VGlut-F-300506,ME_R,0.9352,303,324
VGlut-F-300507,ME_L,1.0000,35,35
VGlut-F-300508,ME_L,1.0000,25,25
VGlut-F-300509,ME_L,1.0000,19,19
VGlut-F-300510,ME_R,0.9495,207,218
VGlut-F-300514,ME_R,0.9736,258,265
VGlut-F-300516,ME_L,0.9887,351,355
VGlut-F-300518,LOP_R,0.8235,154,187
VGlut-F-300520,ME_L,1.0000,20,20
VGlut-F-300521,ME_R,0.9792,329,336
VGlut-F-300526,LAL_R,0.8079,391,484
VGlut-F-300529,ME_L,1.0000,178,178
VGlut-F-300531,ME_L,1.0000,477,477
VGlut-F-300533,FB,0.8857,155,175
VGlut-F-300538,LO_R,1.0000,122,122
VGlut-F-300539,ME_R,1.0000,35,35
VGlut-F-300540,ME_R,1.0000,28,28
VGlut-F-300541,ME_L,1.0000,822,822
VGlut-F-300543,ME_L,1.0000,171,171
VGlut-F-300544,FB,0.9209,233,253
VGlut-F-300545,ME_L,1.0000,272,272
VGlut-F-300546,LOP_L,0.8288,92,111
VGlut-F-300548,SMP_R,0.9904,311,314
VGlut-F-300549,LO_R,0.9994,1596,1597
VGlut-F-300551,ME_L,0.9872,232,235
VGlut-F-300554,AL_R,0.9276,615,663
VGlut-F-300560,ME_L,0.9607,220,229
VGlut-F-300563,ME_R,0.9621,279,290
VGlut-F-300567,LOP_L,0.8573,733,855
VGlut-F-300568,ME_R,0.9948,383,385
VGlut-F-300572,FB,0.8824,165,187
VGlut-F-300579,ME_R,0.9937,473,476
VGlut-F-300582,LO_L,0.9780,89,91
VGlut-F-300583,FB,0.8894,193,217
VGlut-F-300586,FB,0.8535,134,157
VGlut-F-300588,ME_R,0.9753,237,243
VGlut-F-300589,FB,0.9749,194,199
VGlut-F-300592,FB,0.9239,170,184
VGlut-F-300594,AVLP_L,0.8185,744,909
VGlut-F-300598,FB,0.8639,146,169
VGlut-F-300600,ME_L,0.9834,415,422
VGlut-F-300601,FB,0.9155,195,213
VGlut-F-300605,AL_L,0.9086,318,350
VGlut-F-300607,ME_R,0.9896,285,288
VGlut-F-300609,FB,0.8954,137,153
VGlut-F-300610,FB,0.8783,231,263
VGlut-F-300616,FB,0.9785,182,186
VGlut-F-300619,ME_R,0.9655,252,261
VGlut-F-300624,AL_L,0.8340,422,506
VGlut-F-300625,AL_L,0.8011,141,176
VGlut-F-300630,ME_L,1.0000,38,38
VGlut-F-300631,LOP_L,0.9730,108,111
VGlut-F-300632,ME_L,1.0000,33,33
VGlut-F-300633,ME_L,1.0000,25,25
VGlut-F-300634,FB,0.8333,185,222
VGlut-F-300639,AL_L,0.8370,488,583
VGlut-F-300640,FB,0.8920,190,213
VGlut-F-300648,FB,0.9368,163,174
VGlut-F-300649,FB,0.9764,207,212
VGlut-F-300652,FB,0.9150,226,247
VGlut-F-300653,FB,0.9116,196,215
VGlut-F-300654,FB,0.9010,182,202
VGlut-F-300657,FB,0.9138,212,232
VGlut-F-300658,ME_L,0.9980,498,499
VGlut-F-300659,AL_L,0.9964,554,556
VGlut-F-400003,ME_R,1.0000,33,33
VGlut-F-400004,ME_R,1.0000,54,54
VGlut-F-400006,ME_L,1.0000,308,308
VGlut-F-400011,AL_R,0.8929,200,224
VGlut-F-400012,LO_R,1.0000,96,96
VGlut-F-400014,SMP_L,0.8110,618,762
VGlut-F-400018,ME_R,1.0000,4,4
VGlut-F-400019,ME_R,1.0000,47,47
VGlut-F-400020,ME_L,1.0000,68,68
VGlut-F-400021,FB,0.9954,215,216
VGlut-F-400026,SMP_R,0.9559,195,204
VGlut-F-400028,AL_L,0.9891,91,92
VGlut-F-400032,AL_L,0.8652,122,141
VGlut-F-400038,LOP_L,0.8333,110,132
VGlut-F-400040,ME_L,1.0000,34,34
VGlut-F-400041,LO_L,0.8912,1138,1277
VGlut-F-400045,FB,0.8818,179,203
VGlut-F-400047,LOP_L,0.9951,205,206
VGlut-F-400054,FB,0.9507,212,223
VGlut-F-400063,FB,0.9081,168,185
VGlut-F-400066,LO_L,0.8625,389,451
VGlut-F-400070,LO_L,1.0000,145,145
VGlut-F-400071,AL_L,0.9048,456,504
VGlut-F-400074,FB,0.8757,310,354
VGlut-F-400078,ME_R,0.9742,340,349
VGlut-F-400080,ME_L,1.0000,77,77
VGlut-F-400081,LOP_L,1.0000,230,230
VGlut-F-400082,ME_R,1.0000,308,308
VGlut-F-400087,FB,0.8629,277,321
VGlut-F-400088,FB,0.8936,252,282
VGlut-F-400091,LOP_L,1.0000,170,170
VGlut-F-400092,LO_L,1.0000,110,110
VGlut-F-400094,LOP_L,0.9078,187,206
VGlut-F-400095,ME_L,1.0000,23,23
VGlut-F-400097,LOP_L,0.8624,94,109
VGlut-F-400099,LO_L,1.0000,61,61
VGlut-F-400104,AL_L,0.9639,534,554
VGlut-F-400106,ME_L,1.0000,38,38
VGlut-F-400107,ME_L,1.0000,34,34
VGlut-F-400114,AL_L,0.8445,364,431
VGlut-F-400116,FB,0.9290,157,169
VGlut-F-400120,FB,0.8205,128,156
VGlut-F-400123,ME_R,1.0000,32,32
VGlut-F-400124,LOP_L,0.8333,80,96
VGlut-F-400125,LOP_L,0.8387,104,124
VGlut-F-400126,ME_L,1.0000,27,27
VGlut-F-400133,LO_L,0.8144,531,652
VGlut-F-400140,ME_R,1.0000,101,101
VGlut-F-400143,ME_L,1.0000,18,18
VGlut-F-400144,ME_L,0.8966,26,29
VGlut-F-400145,ME_R,1.0000,42,42
VGlut-F-400146,ME_R,1.0000,28,28
VGlut-F-400147,ME_R,1.0000,39,39
VGlut-F-400148,LOP_R,0.9161,142,155
VGlut-F-400154,ME_R,1.0000,36,36
VGlut-F-400155,LOP_R,0.8268,105,127
VGlut-F-400156,ME_L,1.0000,28,28
VGlut-F-400159,ME_L,0.9962,264,265
VGlut-F-400161,ME_L,1.0000,34,34
VGlut-F-400163,ME_R,1.0000,46,46
VGlut-F-400164,ME_R,0.9690,500,516
VGlut-F-400174,ME_R,1.0000,869,869
VGlut-F-400184,AL_R,0.8312,448,539
VGlut-F-400186,AL_R,0.8576,542,632
VGlut-F-400190,ME_R,1.0000,31,31
VGlut-F-400192,FB,0.9548,169,177
VGlut-F-400196,LO_L,1.0000,85,85
VGlut-F-400198,FB,0.9552,192,201
VGlut-F-400199,ME_L,1.0000,26,26
VGlut-F-400200,LOP_L,1.0000,281,281
VGlut-F-400205,LO_L,1.0000,106,106
VGlut-F-400211,ME_L,1.0000,33,33
VGlut-F-400212,LOP_L,0.8381,88,105
VGlut-F-400216,AL_R,0.8496,469,552
VGlut-F-400219,AL_L,0.8680,480,553
VGlut-F-400220,AL_L,0.8492,107,126
VGlut-F-400222,AL_R,0.8351,162,194
VGlut-F-400232,PB,0.9923,129,130
VGlut-F-400235,ME_L,1.0000,9,9
VGlut-F-400236,ME_L,1.0000,14,14
VGlut-F-400237,LO_L,1.0000,69,69
VGlut-F-400239,ME_L,1.0000,107,107
VGlut-F-400245,AL_R,0.8251,151,183
VGlut-F-400246,LOP_R,1.0000,52,52
VGlut-F-400253,ME_R,1.0000,228,228
VGlut-F-400255,FB,0.9189,136,148
VGlut-F-400257,LOP_R,0.8571,156,182
VGlut-F-400258,ME_L,1.0000,58,58
VGlut-F-400259,LOP_L,0.8611,124,144
VGlut-F-400271,ME_R,0.9931,433,436
VGlut-F-400276,AL_L,0.8226,102,124
VGlut-F-400279,FB,0.8773,193,220
VGlut-F-400292,AL_L,0.8929,150,168
VGlut-F-400296,AL_L,0.8754,520,594
VGlut-F-400302,FB,0.8608,167,194
VGlut-F-400314,GNG,0.9124,458,502
VGlut-F-400321,LO_L,1.0000,106,106
VGlut-F-400322,ME_L,1.0000,92,92
VGlut-F-400323,ME_L,1.0000,23,23
VGlut-F-400324,ME_L,1.0000,35,35
VGlut-F-400328,ME_L,1.0000,22,22
VGlut-F-400332,GNG,1.0000,236,236
VGlut-F-400337,LOP_R,0.9814,370,377
VGlut-F-400338,FB,0.9013,137,152
VGlut-F-400339,PB,0.8929,150,168
VGlut-F-400341,AVLP_L,0.9729,2769,2846
VGlut-F-400343,ME_L,1.0000,35,35
VGlut-F-400344,ME_L,0.9825,56,57
VGlut-F-400349,FB,0.8976,184,205
VGlut-F-400353,ME_R,1.0000,23,23
VGlut-F-400354,ME_R,1.0000,41,41
VGlut-F-400355,ME_R,1.0000,30,30
VGlut-F-400361,SMP_R,0.9058,375,414
VGlut-F-400362,LOP_R,0.9967,299,300
VGlut-F-400363,ME_R,1.0000,29,29
VGlut-F-400368,LOP_L,0.8202,146,178
VGlut-F-400372,AL_L,0.8889,248,279
VGlut-F-400374,GNG,0.8249,212,257
VGlut-F-400383,FB,0.8571,144,168
VGlut-F-400384,ME_L,1.0000,32,32
VGlut-F-400390,ME_L,1.0000,306,306
VGlut-F-400391,FB,0.9392,139,148
VGlut-F-400393,FB,0.9270,165,178
VGlut-F-400395,GNG,0.8649,96,111
VGlut-F-400398,ME_L,1.0000,43,43
VGlut-F-400399,ME_L,1.0000,36,36
VGlut-F-400403,LOP_L,0.9125,73,80
VGlut-F-400404,ME_L,1.0000,20,20
VGlut-F-400405,ME_L,1.0000,37,37
VGlut-F-400406,ME_R,1.0000,17,17
VGlut-F-400410,ME_L,1.0000,3,3
VGlut-F-400415,ME_R,1.0000,48,48
VGlut-F-400417,AL_R,0.8773,143,163
VGlut-F-400418,ME_R,1.0000,27,27
VGlut-F-400426,ME_L,1.0000,15,15
VGlut-F-400427,ME_L,1.0000,18,18
VGlut-F-400428,ME_L,1.0000,42,42
VGlut-F-400430,ME_L,1.0000,24,24
VGlut-F-400433,SMP_L,0.8039,291,362
VGlut-F-400434,AL_R,0.8104,436,538
VGlut-F-400437,ME_R,1.0000,12,12
VGlut-F-400438,ME_L,1.0000,15,15
VGlut-F-400440,ME_L,1.0000,5,5
VGlut-F-400441,ME_L,1.0000,23,23
VGlut-F-400442,FB,0.9005,190,211
VGlut-F-400443,FB,0.8294,141,170
VGlut-F-400446,FB,0.8238,173,210
VGlut-F-400449,LO_L,1.0000,32,32
VGlut-F-400450,ME_L,1.0000,50,50
VGlut-F-400452,SMP_R,0.9073,137,151
VGlut-F-400453,ME_R,1.0000,29,29
VGlut-F-400455,ME_R,0.8485,84,99
VGlut-F-400457,FB,0.9019,239,265
VGlut-F-400458,LOP_L,0.8882,143,161
VGlut-F-400459,ME_R,1.0000,19,19
VGlut-F-400463,FB,0.9586,139,145
VGlut-F-400466,LOP_R,0.9070,156,172
VGlut-F-400467,ME_R,1.0000,37,37
VGlut-F-400468,ME_R,1.0000,24,24
VGlut-F-400474,LOP_R,0.9675,119,123
VGlut-F-400475,LO_R,1.0000,86,86
VGlut-F-400480,LO_L,0.9630,52,54
VGlut-F-400481,LO_L,0.8511,40,47
VGlut-F-400482,LO_L,0.9877,80,81
VGlut-F-400490,ME_L,1.0000,500,500
VGlut-F-400491,FB,0.8966,182,203
VGlut-F-400494,AL_R,0.9302,200,215
VGlut-F-400498,ME_R,0.9720,313,322
VGlut-F-400502,SMP_R,0.8109,922,1137
VGlut-F-400505,AL_L,0.8649,256,296
VGlut-F-400509,LOP_L,0.8318,89,107
VGlut-F-400510,ME_L,1.0000,13,13
VGlut-F-400511,ME_R,0.9932,290,292
VGlut-F-400524,LOP_L,0.9666,318,329
VGlut-F-400525,ME_L,1.0000,18,18
VGlut-F-400530,LOP_R,0.8557,83,97
VGlut-F-400538,PB,0.9386,107,114
VGlut-F-400544,LO_R,1.0000,72,72
VGlut-F-400548,ME_R,1.0000,61,61
VGlut-F-400549,ME_R,1.0000,8,8
VGlut-F-400550,ME_R,1.0000,16,16
VGlut-F-400553,ME_L,1.0000,18,18
VGlut-F-400554,ME_L,1.0000,145,145
VGlut-F-400555,ME_L,1.0000,14,14
VGlut-F-400556,ME_L,1.0000,18,18
VGlut-F-400557,FB,0.8934,176,197
VGlut-F-400561,ME_L,1.0000,45,45
VGlut-F-400562,LOP_L,0.9355,145,155
VGlut-F-400563,ME_L,1.0000,14,14
VGlut-F-400566,FB,0.9307,188,202
VGlut-F-400570,FB,0.8727,144,165
VGlut-F-400571,ME_L,1.0000,256,256
VGlut-F-400573,FB,0.9277,154,166
VGlut-F-400574,ME_L,0.8651,359,415
VGlut-F-400577,LO_L,0.8588,669,779
VGlut-F-400578,ME_L,1.0000,434,434
VGlut-F-400579,FB,0.8708,209,240
VGlut-F-400580,LO_L,0.8065,175,217
VGlut-F-400581,ME_L,1.0000,18,18
VGlut-F-400582,FB,0.8917,140,157
VGlut-F-400584,FB,0.8968,139,155
VGlut-F-400585,ME_L,1.0000,405,405
VGlut-F-400587,FB,0.9617,176,183
VGlut-F-400591,FB,0.9059,154,170
VGlut-F-400593,ME_L,0.9944,355,357
VGlut-F-400594,LO_R,0.9861,711,721
VGlut-F-400595,ME_R,1.0000,24,24
VGlut-F-400596,ME_R,1.0000,31,31
VGlut-F-400597,ME_R,1.0000,9,9
VGlut-F-400598,ME_R,1.0000,44,44
VGlut-F-400600,FB,0.8896,137,154
VGlut-F-400603,ME_L,1.0000,38,38
VGlut-F-400604,PB,0.9915,117,118
VGlut-F-400605,FB,0.9457,122,129
VGlut-F-400608,ME_R,0.9926,400,403
VGlut-F-400612,FB,0.9243,171,185
VGlut-F-400616,FB,0.9697,160,165
VGlut-F-400625,FB,0.8021,154,192
VGlut-F-400626,ME_R,1.0000,200,200
VGlut-F-400628,ME_R,0.9967,300,301
VGlut-F-400629,ME_L,1.0000,120,120
VGlut-F-400631,ME_L,1.0000,1,1
VGlut-F-400632,LO_L,1.0000,66,66
VGlut-F-400633,LOP_R,0.8897,121,136
VGlut-F-400636,ME_R,0.9704,131,135
VGlut-F-400637,FB,0.9462,123,130
VGlut-F-400638,ME_R,0.9894,466,471
VGlut-F-400639,FB,0.8889,152,171
VGlut-F-400642,ME_R,0.9878,325,329
VGlut-F-400643,ME_L,1.0000,25,25
VGlut-F-400644,ME_L,1.0000,28,28
VGlut-F-400645,ME_L,1.0000,23,23
VGlut-F-400646,LO_L,1.0000,94,94
VGlut-F-400647,ME_L,0.9891,273,276
VGlut-F-400649,ME_L,0.9847,257,261
VGlut-F-400650,ME_R,0.9730,324,333
VGlut-F-400657,LO_L,0.8000,252,315
VGlut-F-400660,ME_R,0.9894,467,472
VGlut-F-400666,PB,1.0000,3,3
VGlut-F-400667,AL_L,0.8512,406,477
VGlut-F-400670,FB,0.9075,157,173
VGlut-F-400672,LO_L,1.0000,96,96
VGlut-F-400674,ME_L,1.0000,26,26
VGlut-F-400675,ME_L,1.0000,20,20
VGlut-F-400679,LO_R,0.8352,76,91
VGlut-F-400681,ME_L,0.9792,282,288
VGlut-F-400685,LOP_L,0.8927,183,205
VGlut-F-400687,FB,0.8895,169,190
VGlut-F-400688,ME_L,1.0000,30,30
VGlut-F-400689,FB,0.9453,121,128
VGlut-F-400693,GNG,0.9700,259,267
VGlut-F-400696,LOP_R,0.9958,238,239
VGlut-F-400697,ME_R,1.0000,34,34
VGlut-F-400699,GNG,0.8137,166,204
VGlut-F-400700,FB,0.8861,140,158
VGlut-F-400701,ME_L,1.0000,27,27
VGlut-F-400702,ME_L,1.0000,26,26
VGlut-F-400704,ME_L,1.0000,23,23
VGlut-F-400705,ME_L,1.0000,30,30
VGlut-F-400709,FB,0.9051,143,158
VGlut-F-400711,ME_R,1.0000,5,5
VGlut-F-400713,ME_L,1.0000,22,22
VGlut-F-400714,LOP_R,0.8333,80,96
VGlut-F-400716,FB,0.8770,107,122
VGlut-F-400722,ME_R,1.0000,90,90
VGlut-F-400724,ME_R,1.0000,33,33
VGlut-F-400729,ME_R,1.0000,19,19
VGlut-F-400732,LO_L,0.8737,83,95
VGlut-F-400734,LO_L,0.9906,105,106
VGlut-F-400736,FB,0.8792,182,207
VGlut-F-400737,ME_R,1.0000,242,242
VGlut-F-400740,FB,0.9184,180,196
VGlut-F-400742,ME_R,1.0000,83,83
VGlut-F-400743,ME_R,1.0000,29,29
VGlut-F-400746,FB,0.9688,155,160
VGlut-F-400747,ME_L,1.0000,200,200
VGlut-F-400748,ME_L,1.0000,15,15
VGlut-F-400751,FB,0.9241,146,158
VGlut-F-400753,FB,0.9702,163,168
VGlut-F-400757,AL_R,0.8641,553,640
VGlut-F-400761,LOP_L,0.8103,141,174
VGlut-F-400765,AL_R,0.8475,328,387
VGlut-F-400767,ME_R,1.0000,13,13
VGlut-F-400769,ME_R,1.0000,3,3
VGlut-F-400774,ME_R,1.0000,37,37
VGlut-F-400775,ME_R,1.0000,26,26
VGlut-F-400780,FB,0.8838,175,198
VGlut-F-400781,ME_R,1.0000,39,39
VGlut-F-400782,LO_R,1.0000,120,120
VGlut-F-400784,FB,0.9062,174,192
VGlut-F-400786,FB,0.8411,180,214
VGlut-F-400788,FB,0.9149,172,188
VGlut-F-400793,ME_L,1.0000,22,22
VGlut-F-400795,LOP_L,0.8329,304,365
VGlut-F-400796,FB,0.9140,202,221
VGlut-F-400797,AL_R,0.9259,1050,1134
VGlut-F-400798,AL_L,0.9900,1283,1296
VGlut-F-400799,LOP_L,1.0000,105,105
VGlut-F-400800,ME_L,1.0000,24,24
VGlut-F-400801,ME_L,1.0000,33,33
VGlut-F-400804,ME_R,0.9600,240,250
VGlut-F-400805,LO_L,0.9811,52,53
VGlut-F-400808,FB,0.9890,180,182
VGlut-F-400810,FB,0.8827,158,179
VGlut-F-400811,FB,0.8478,156,184
VGlut-F-400817,FB,0.9016,174,193
VGlut-F-400820,LOP_L,1.0000,284,284
VGlut-F-400828,FB,0.9372,209,223
VGlut-F-400832,FB,0.8897,129,145
VGlut-F-400837,ME_R,1.0000,19,19
VGlut-F-400838,ME_R,1.0000,43,43
VGlut-F-400839,ME_R,1.0000,20,20
VGlut-F-400840,ME_R,1.0000,36,36
VGlut-F-400841,ME_R,1.0000,52,52
VGlut-F-400842,ME_R,0.8534,297,348
VGlut-F-400847,FB,0.9500,190,200
VGlut-F-400855,ME_R,1.0000,65,65
VGlut-F-400856,LO_R,1.0000,113,113
VGlut-F-400859,LO_R,1.0000,91,91
VGlut-F-400871,ME_R,1.0000,18,18
VGlut-F-400876,FB,0.9159,196,214
VGlut-F-400879,AL_L,0.8190,95,116
VGlut-F-400883,FB,0.8571,120,140
VGlut-F-400884,ME_L,1.0000,248,248
VGlut-F-400885,LO_L,0.8333,195,234
VGlut-F-400886,FB,0.9231,240,260
VGlut-F-400888,PB,1.0000,94,94
VGlut-F-400890,FB,0.9735,184,189
VGlut-F-400898,AL_R,0.8376,521,622
VGlut-F-400900,FB,0.9455,208,220
VGlut-F-400901,FB,0.8128,152,187
VGlut-F-400902,FB,0.9024,148,164
VGlut-F-400903,FB,0.9561,196,205
VGlut-F-400909,FB,0.9618,126,131
VGlut-F-400912,ME_L,1.0000,48,48
VGlut-F-400913,FB,0.8936,126,141
VGlut-F-400915,FB,0.9529,162,170
VGlut-F-400919,FB,0.9602,193,201
VGlut-F-400921,FB,0.9361,205,219
VGlut-F-400922,FB,0.9023,194,215
VGlut-F-400924,ME_R,1.0000,20,20
VGlut-F-500007,AL_R,0.9544,523,548
VGlut-F-500010,LOP_R,1.0000,90,90
VGlut-F-500011,ME_R,1.0000,64,64
VGlut-F-500012,LO_L,0.8160,204,250
VGlut-F-500013,ME_L,1.0000,413,413
VGlut-F-500018,ME_R,1.0000,59,59
VGlut-F-500020,FB,0.9326,180,193
VGlut-F-500025,AL_L,0.8891,473,532
VGlut-F-500036,AL_L,0.8990,347,386
VGlut-F-500042,ME_L,1.0000,29,29
VGlut-F-500048,ME_R,1.0000,27,27
VGlut-F-500051,ME_R,0.9812,366,373
VGlut-F-500053,AL_R,0.8710,385,442
VGlut-F-500069,PLP_R,0.8333,100,120
VGlut-F-500072,AL_L,0.9491,801,844
VGlut-F-500078,ME_L,1.0000,38,38
VGlut-F-500081,IPS_L,0.8947,85,95
VGlut-F-500088,LOP_L,0.8425,107,127
VGlut-F-500089,LOP_L,0.8247,127,154
VGlut-F-500094,AL_R,0.8907,383,430
VGlut-F-500123,AL_R,0.8721,300,344
VGlut-F-500135,AL_R,0.9262,715,772
VGlut-F-500139,SLP_R,0.8123,225,277
VGlut-F-500151,ME_L,0.9763,329,337
VGlut-F-500152,ME_R,0.9791,374,382
VGlut-F-500153,ME_R,0.9862,358,363
VGlut-F-500157,AL_L,0.8533,221,259
VGlut-F-500159,AL_R,0.8869,196,221
VGlut-F-500163,PLP_L,0.8757,155,177
VGlut-F-500168,FB,0.9259,150,162
VGlut-F-500175,FB,0.9161,131,143
VGlut-F-500177,FB,0.8238,187,227
VGlut-F-500184,FB,0.9157,152,166
VGlut-F-500185,LO_R,0.8845,360,407
VGlut-F-500198,AL_R,0.8479,457,539
VGlut-F-500201,GNG,1.0000,512,512
VGlut-F-500208,ME_R,1.0000,39,39
VGlut-F-500210,ME_R,1.0000,24,24
VGlut-F-500213,ME_R,1.0000,25,25
VGlut-F-500216,ME_R,1.0000,33,33
VGlut-F-500222,LO_R,1.0000,83,83
VGlut-F-500235,ME_R,1.0000,21,21
VGlut-F-500236,ME_L,1.0000,11,11
VGlut-F-500241,LO_L,0.9701,65,67
VGlut-F-500242,ME_L,1.0000,104,104
VGlut-F-500250,LOP_R,0.8397,110,131
VGlut-F-500251,ME_R,1.0000,30,30
VGlut-F-500252,ME_R,1.0000,42,42
VGlut-F-500253,LH_L,0.8778,194,221
VGlut-F-500254,ME_R,1.0000,30,30
VGlut-F-500256,AVLP_L,0.9363,235,251
VGlut-F-500263,ME_R,1.0000,31,31
VGlut-F-500264,ME_R,1.0000,18,18
VGlut-F-500267,ME_L,1.0000,19,19
VGlut-F-500268,ME_R,1.0000,27,27
VGlut-F-500270,ME_L,1.0000,23,23
VGlut-F-500276,ME_R,1.0000,16,16
VGlut-F-500277,ME_R,1.0000,3,3
VGlut-F-500278,ME_R,1.0000,29,29
VGlut-F-500279,ME_R,1.0000,23,23
VGlut-F-500280,LOP_L,0.9464,106,112
VGlut-F-500281,ME_L,1.0000,30,30
VGlut-F-500283,FB,0.9027,167,185
VGlut-F-500284,LO_R,0.9250,74,80
VGlut-F-500285,ME_R,1.0000,12,12
VGlut-F-500286,ME_R,1.0000,9,9
VGlut-F-500288,ME_L,1.0000,20,20
VGlut-F-500289,AL_L,1.0000,87,87
VGlut-F-500290,AL_R,1.0000,109,109
VGlut-F-500293,ME_L,1.0000,29,29
VGlut-F-500297,ME_R,1.0000,28,28
VGlut-F-500299,AL_R,0.8556,314,367
VGlut-F-500304,ME_L,1.0000,45,45
VGlut-F-500321,LOP_R,0.8085,38,47
VGlut-F-500326,FB,0.8700,174,200
VGlut-F-500336,AL_L,0.9120,259,284
VGlut-F-500338,ME_R,1.0000,121,121
VGlut-F-500341,FB,0.9064,155,171
VGlut-F-500343,FB,0.9454,173,183
VGlut-F-500356,LO_R,1.0000,88,88
VGlut-F-500360,ME_L,0.9928,276,278
VGlut-F-500362,AL_L,0.8898,525,590
VGlut-F-500364,FB,0.8750,175,200
VGlut-F-500370,PB,0.9946,183,184
VGlut-F-500371,FB,0.9357,131,140
VGlut-F-500372,AL_R,0.8603,314,365
VGlut-F-500382,LOP_R,0.8782,137,156
VGlut-F-500387,LO_R,0.8428,311,369
VGlut-F-500388,FB,0.8491,180,212
VGlut-F-500390,ME_L,1.0000,195,195
VGlut-F-500397,FB,0.9057,144,159
VGlut-F-500408,SMP_L,0.9304,334,359
VGlut-F-500410,FB,0.9387,153,163
VGlut-F-500415,GNG,1.0000,56,56
VGlut-F-500416,FB,0.9172,144,157
VGlut-F-500418,AL_R,0.8697,327,376
VGlut-F-500422,LO_R,0.9673,2364,2444
VGlut-F-500425,FB,0.9337,169,181
VGlut-F-500428,AL_R,0.8441,352,417
VGlut-F-500430,SMP_R,0.8175,699,855
VGlut-F-500435,ME_L,1.0000,197,197
VGlut-F-500437,ME_R,0.8505,273,321
VGlut-F-500439,AL_R,0.8465,204,241
VGlut-F-500440,LOP_R,1.0000,259,259
VGlut-F-500441,ME_R,1.0000,24,24
VGlut-F-500443,ME_L,0.9944,178,179
VGlut-F-500446,FB,0.8472,194,229
VGlut-F-500448,LOP_L,0.9245,98,106
VGlut-F-500452,AL_L,0.8061,79,98
VGlut-F-500453,GNG,0.8516,442,519
VGlut-F-500454,AL_L,1.0000,139,139
VGlut-F-500459,AL_L,0.9983,593,594
VGlut-F-500460,LOP_R,0.9807,305,311
VGlut-F-500462,ME_R,0.9091,10,11
VGlut-F-500463,ME_L,1.0000,5,5
VGlut-F-500465,FB,0.8932,184,206
VGlut-F-500468,ME_L,1.0000,239,239
VGlut-F-500477,ME_L,1.0000,21,21
VGlut-F-500478,FB,0.9000,180,200
VGlut-F-500482,FB,0.9726,142,146
VGlut-F-500484,GNG,0.9966,295,296
VGlut-F-500488,ME_R,1.0000,60,60
VGlut-F-500496,ME_R,1.0000,23,23
VGlut-F-500499,SPS_R,0.8100,81,100
VGlut-F-500500,ME_L,1.0000,24,24
VGlut-F-500503,LOP_R,0.8932,92,103
VGlut-F-500505,ME_R,1.0000,26,26
VGlut-F-500506,LOP_R,0.8783,101,115
VGlut-F-500507,LH_R,0.8438,189,224
VGlut-F-500508,ME_L,1.0000,42,42
VGlut-F-500509,ME_L,1.0000,26,26
VGlut-F-500510,ME_L,1.0000,63,63
VGlut-F-500512,LO_L,1.0000,72,72
VGlut-F-500513,AL_L,0.9418,826,877
VGlut-F-500517,AL_L,0.9937,470,473
VGlut-F-500521,LO_R,0.9032,28,31
VGlut-F-500522,ME_R,1.0000,27,27
VGlut-F-500524,ME_L,1.0000,26,26
VGlut-F-500529,AL_R,0.9769,127,130
VGlut-F-500531,LOP_R,1.0000,215,215
VGlut-F-500532,ME_R,1.0000,26,26
VGlut-F-500541,ME_R,1.0000,17,17
VGlut-F-500547,AL_R,0.8173,161,197
VGlut-F-500550,ME_R,1.0000,30,30
VGlut-F-500553,ME_R,1.0000,21,21
VGlut-F-500555,ME_R,1.0000,31,31
VGlut-F-500557,ME_R,1.0000,33,33
VGlut-F-500558,ME_R,1.0000,24,24
VGlut-F-500560,ME_L,1.0000,27,27
VGlut-F-500564,ME_R,1.0000,19,19
VGlut-F-500570,AL_L,0.8528,278,326
VGlut-F-500579,LOP_L,0.8276,72,87
VGlut-F-500584,AL_L,0.9228,251,272
VGlut-F-500585,ME_R,1.0000,12,12
VGlut-F-500591,ME_L,1.0000,17,17
VGlut-F-500595,AL_L,0.8263,157,190
VGlut-F-500599,ME_L,1.0000,18,18
VGlut-F-500600,AL_L,0.8894,354,398
VGlut-F-500601,SMP_R,0.8030,163,203
VGlut-F-500608,ME_R,1.0000,25,25
VGlut-F-500610,FB,0.8529,174,204
VGlut-F-500613,LOP_L,0.8496,96,113
VGlut-F-500620,AL_L,0.8163,120,147
VGlut-F-500623,LO_R,1.0000,82,82
VGlut-F-500624,ME_R,1.0000,32,32
VGlut-F-500628,ME_R,1.0000,27,27
VGlut-F-500629,ME_R,1.0000,23,23
VGlut-F-500630,ME_R,1.0000,24,24
VGlut-F-500631,LOP_R,0.8196,159,194
VGlut-F-500632,FB,0.9615,150,156
VGlut-F-500642,ME_L,1.0000,30,30
VGlut-F-500643,LO_L,0.9095,201,221
VGlut-F-500647,ME_R,1.0000,33,33
VGlut-F-500648,ME_R,1.0000,46,46
VGlut-F-500649,ME_R,1.0000,40,40
VGlut-F-500650,LOP_R,0.8722,232,266
VGlut-F-500651,ME_R,0.9596,190,198
VGlut-F-500654,ME_L,1.0000,27,27
VGlut-F-500656,ME_L,1.0000,19,19
VGlut-F-500658,ME_L,1.0000,17,17
VGlut-F-500661,AL_L,0.9882,84,85
VGlut-F-500664,LOP_R,0.8189,104,127
VGlut-F-500666,ME_R,0.9670,293,303
VGlut-F-500672,ME_L,1.0000,22,22
VGlut-F-500674,LOP_R,0.9224,107,116
VGlut-F-500675,ME_R,1.0000,27,27
VGlut-F-500677,FB,0.9519,198,208
VGlut-F-500681,ME_R,1.0000,16,16
VGlut-F-500682,AL_R,0.9247,172,186
VGlut-F-500691,ME_L,0.8594,55,64
VGlut-F-500697,ME_R,1.0000,20,20
VGlut-F-500698,ME_R,1.0000,23,23
VGlut-F-500702,AL_R,0.8741,118,135
VGlut-F-500703,AL_L,0.8424,155,184
VGlut-F-500705,ME_R,1.0000,30,30
VGlut-F-500706,FB,0.9264,151,163
VGlut-F-500708,GNG,0.9142,277,303
VGlut-F-500711,AL_R,0.8070,46,57
VGlut-F-500712,ME_R,1.0000,399,399
VGlut-F-500715,AL_R,0.8291,97,117
VGlut-F-500716,ME_L,1.0000,25,25
VGlut-F-500718,LOP_L,0.8400,84,100
VGlut-F-500719,AL_L,0.8293,136,164
VGlut-F-500720,FB,0.8446,125,148
VGlut-F-500728,AVLP_R,0.9823,445,453
VGlut-F-500736,FB,0.8634,139,161
VGlut-F-500738,ME_L,1.0000,21,21
VGlut-F-500740,FB,0.9289,183,197
VGlut-F-500741,FB,0.8571,156,182
VGlut-F-500742,AL_L,1.0000,191,191
VGlut-F-500748,FB,0.9346,143,153
VGlut-F-500752,GNG,0.8551,667,780
VGlut-F-500753,FB,0.8622,169,196
VGlut-F-500763,AL_L,0.8446,163,193
VGlut-F-500764,FB,0.9419,162,172
VGlut-F-500769,FB,0.8870,157,177
VGlut-F-500771,ME_L,1.0000,329,329
VGlut-F-500773,PB,0.9745,153,157
VGlut-F-500777,FB,0.9343,199,213
VGlut-F-500780,FB,0.8520,167,196
VGlut-F-500786,AL_L,0.8137,249,306
VGlut-F-500788,AVLP_L,0.9672,236,244
VGlut-F-500789,FB,0.9542,146,153
VGlut-F-500792,AVLP_R,1.0000,7,7
VGlut-F-500793,LO_R,1.0000,3,3
VGlut-F-500795,FB,0.8039,164,204
VGlut-F-500797,PB,0.9780,89,91
VGlut-F-500803,FB,0.8975,219,244
VGlut-F-500831,AL_L,0.8930,434,486
VGlut-F-500833,AL_L,0.8333,120,144
VGlut-F-500837,AL_R,0.8574,511,596
VGlut-F-500840,LOP_R,0.8133,61,75
VGlut-F-500841,FB,0.9278,167,180
VGlut-F-500843,FB,0.8814,104,118
VGlut-F-500844,AL_R,0.8481,363,428
VGlut-F-500846,FB,0.8324,144,173
VGlut-F-500854,AL_L,0.9667,87,90
VGlut-F-500855,FB,0.8117,125,154
VGlut-F-500858,ME_L,1.0000,22,22
VGlut-F-500859,ME_L,1.0000,24,24
VGlut-F-500860,ME_L,1.0000,26,26
VGlut-F-500861,AL_R,0.8929,200,224
VGlut-F-500862,LOP_R,0.8324,154,185
VGlut-F-500865,ME_L,1.0000,282,282
VGlut-F-500869,FB,0.9262,113,122
VGlut-F-500871,AL_L,0.9389,415,442
VGlut-F-500874,EB,0.8248,193,234
VGlut-F-500875,AL_R,0.9138,445,487
VGlut-F-500876,AL_R,0.9258,549,593
VGlut-F-600000,AVLP_L,0.8414,244,290
VGlut-F-600001,ME_R,1.0000,44,44
VGlut-F-600002,ME_R,0.8750,14,16
VGlut-F-600007,AL_L,0.8852,185,209
VGlut-F-600009,AL_L,0.8367,82,98
VGlut-F-600014,AVLP_L,0.8837,266,301
VGlut-F-600017,AL_L,1.0000,654,654
VGlut-F-600020,LOP_L,0.8400,126,150
VGlut-F-600021,ME_L,1.0000,49,49
VGlut-F-600027,AL_R,0.8831,219,248
VGlut-F-600031,LO_L,1.0000,110,110
VGlut-F-600035,ME_R,0.9836,360,366
VGlut-F-600037,ME_L,1.0000,58,58
VGlut-F-600039,ME_L,0.9821,330,336
VGlut-F-600045,AL_L,0.8352,147,176
VGlut-F-600048,AL_R,0.8750,126,144
VGlut-F-600052,ME_R,0.9813,788,803
VGlut-F-600053,LO_R,1.0000,92,92
VGlut-F-600054,LOP_R,1.0000,96,96
VGlut-F-600055,ME_R,1.0000,22,22
VGlut-F-600056,AL_L,0.8258,147,178
VGlut-F-600057,AL_R,0.8904,130,146
VGlut-F-600059,LH_R,0.8293,102,123
VGlut-F-600061,AL_R,0.9114,144,158
VGlut-F-600067,AL_R,0.8599,135,157
VGlut-F-600071,AL_R,0.9154,357,390
VGlut-F-600073,AL_L,0.8396,178,212
VGlut-F-600074,LO_R,0.9762,492,504
VGlut-F-600080,ME_R,1.0000,18,18
VGlut-F-600085,ME_L,1.0000,38,38
VGlut-F-600089,FB,0.9219,118,128
VGlut-F-600090,LH_L,0.9032,168,186
VGlut-F-600095,ME_R,1.0000,22,22
VGlut-F-600096,LOP_L,0.8476,89,105
VGlut-F-600097,ME_L,1.0000,28,28
VGlut-F-600100,AL_R,0.8531,180,211
VGlut-F-600105,AL_L,0.8885,271,305
VGlut-F-600106,AL_L,0.8910,466,523
VGlut-F-600111,AL_R,0.8609,229,266
VGlut-F-600119,LO_L,0.9213,316,343
VGlut-F-600128,SPS_L,0.8217,106,129
VGlut-F-600129,ME_L,1.0000,24,24
VGlut-F-600131,AL_L,0.8780,144,164
VGlut-F-600132,LOP_R,0.8400,84,100
VGlut-F-600134,FB,0.8394,162,193
VGlut-F-600140,AL_R,0.8560,107,125
VGlut-F-600149,AL_R,0.8824,150,170
VGlut-F-600155,ME_L,1.0000,41,41
VGlut-F-600157,LO_L,0.9032,28,31
VGlut-F-600161,LO_L,1.0000,101,101
VGlut-F-600162,ME_L,0.9896,286,289
VGlut-F-600163,LOP_R,0.8866,172,194
VGlut-F-600165,ME_R,1.0000,6,6
VGlut-F-600167,LOP_R,1.0000,94,94
VGlut-F-600169,FB,0.8942,169,189
VGlut-F-600170,LOP_L,1.0000,348,348
VGlut-F-600173,LOP_R,0.9512,234,246
VGlut-F-600174,ME_R,1.0000,47,47
VGlut-F-600177,LOP_R,0.9869,301,305
VGlut-F-600180,FB,0.9177,212,231
VGlut-F-600187,FB,0.9226,143,155
VGlut-F-600189,LOP_R,0.8643,172,199
VGlut-F-600190,ME_R,1.0000,48,48
VGlut-F-600192,FB,0.8774,186,212
VGlut-F-600194,ME_R,0.9954,432,434
VGlut-F-600195,FB,0.9095,191,210
VGlut-F-600210,LO_R,1.0000,90,90
VGlut-F-600216,LO_R,1.0000,77,77
VGlut-F-600226,ME_R,1.0000,27,27
VGlut-F-600229,PB,0.8704,94,108
VGlut-F-600233,ME_R,1.0000,53,53
VGlut-F-600234,LOP_L,0.8689,159,183
VGlut-F-600235,LO_L,1.0000,91,91
VGlut-F-600236,ME_L,1.0000,55,55
VGlut-F-600237,LOP_L,0.8375,134,160
VGlut-F-600238,ME_L,1.0000,39,39
VGlut-F-600240,ME_L,1.0000,553,553
VGlut-F-600241,ME_R,1.0000,12,12
VGlut-F-600250,LO_R,1.0000,73,73
VGlut-F-600254,AL_R,0.8876,158,178
VGlut-F-600256,AL_L,0.9323,179,192
VGlut-F-600259,ME_L,1.0000,31,31
VGlut-F-600269,GNG,1.0000,359,359
VGlut-F-600273,LO_L,1.0000,68,68
VGlut-F-600274,ME_R,1.0000,36,36
VGlut-F-600276,ME_L,1.0000,25,25
VGlut-F-600277,ME_L,1.0000,12,12
VGlut-F-600280,AL_L,0.8524,485,569
VGlut-F-600281,LOP_R,0.8430,102,121
VGlut-F-600282,ME_R,1.0000,17,17
VGlut-F-600285,ME_R,1.0000,30,30
VGlut-F-600291,FB,0.9576,158,165
VGlut-F-600294,AL_L,0.9983,598,599
VGlut-F-600298,AL_R,0.8256,142,172
VGlut-F-600309,ME_L,0.9962,265,266
VGlut-F-600310,AL_L,0.9139,435,476
VGlut-F-600312,FB,0.8718,102,117
VGlut-F-600313,LOP_R,0.9875,237,240
VGlut-F-600315,ME_R,1.0000,17,17
VGlut-F-600318,ME_L,0.9843,251,255
VGlut-F-600319,AL_R,0.8450,278,329
VGlut-F-600320,LO_L,1.0000,133,133
VGlut-F-600321,ME_L,1.0000,7,7
VGlut-F-600324,AL_L,0.9111,881,967
VGlut-F-600330,LO_L,1.0000,107,107
VGlut-F-600331,ME_L,1.0000,36,36
VGlut-F-600332,AL_R,0.8571,228,266
VGlut-F-600333,ME_R,1.0000,20,20
VGlut-F-600335,LOP_R,0.8836,167,189
VGlut-F-600338,LOP_R,1.0000,454,454
VGlut-F-600344,ME_R,1.0000,26,26
VGlut-F-600348,AL_R,0.9563,153,160
VGlut-F-600349,AL_L,0.9649,55,57
VGlut-F-600352,ME_L,1.0000,8,8
VGlut-F-600354,ME_R,1.0000,28,28
VGlut-F-600355,AL_L,0.8240,103,125
VGlut-F-600357,ME_L,1.0000,48,48
VGlut-F-600358,ME_L,1.0000,11,11
VGlut-F-600359,LO_L,1.0000,88,88
VGlut-F-600361,ME_L,1.0000,10,10
VGlut-F-600362,ME_L,1.0000,22,22
VGlut-F-600363,ME_L,1.0000,25,25
VGlut-F-600367,LO_R,1.0000,105,105
VGlut-F-600368,ME_R,1.0000,28,28
VGlut-F-600369,ME_R,1.0000,49,49
VGlut-F-600370,ME_R,1.0000,26,26
VGlut-F-600381,ME_R,1.0000,17,17
VGlut-F-600388,FB,0.9109,235,258
VGlut-F-600394,ME_L,1.0000,26,26
VGlut-F-600395,LOP_R,0.8350,86,103
VGlut-F-600397,ME_R,1.0000,23,23
VGlut-F-600401,LO_R,1.0000,105,105
VGlut-F-600403,FB,0.8852,185,209
VGlut-F-600417,LO_R,0.8433,323,383
VGlut-F-600426,FB,0.8483,123,145
VGlut-F-600427,FB,0.8414,122,145
VGlut-F-600446,LOP_R,0.8081,80,99
VGlut-F-600453,LO_R,1.0000,96,96
VGlut-F-600461,FB,0.9670,205,212
VGlut-F-600464,FB,0.8967,191,213
VGlut-F-600466,ME_R,1.0000,34,34
VGlut-F-600469,AL_R,0.8462,121,143
VGlut-F-600474,ME_L,1.0000,65,65
VGlut-F-600481,LOP_R,0.8297,190,229
VGlut-F-600483,FB,0.9416,145,154
VGlut-F-600486,LO_L,0.8488,73,86
VGlut-F-600488,LO_L,1.0000,98,98
VGlut-F-600489,ME_L,1.0000,12,12
VGlut-F-600490,ME_L,1.0000,15,15
VGlut-F-600502,AL_L,0.8498,266,313
VGlut-F-600505,FB,0.8571,180,210
VGlut-F-600508,AL_L,0.9038,94,104
VGlut-F-600521,ME_R,1.0000,27,27
VGlut-F-600524,ME_R,1.0000,293,293
VGlut-F-600528,AVLP_L,1.0000,140,140
VGlut-F-600529,LO_L,1.0000,108,108
VGlut-F-600530,ME_L,1.0000,12,12
VGlut-F-600532,FB,0.8110,133,164
VGlut-F-600534,ME_L,1.0000,5,5
VGlut-F-600535,ME_R,0.9832,117,119
VGlut-F-600536,ME_R,1.0000,11,11
VGlut-F-600539,ME_L,0.9946,370,372
VGlut-F-600543,ME_L,1.0000,27,27
VGlut-F-600544,ME_L,1.0000,41,41
VGlut-F-600545,ME_L,1.0000,26,26
VGlut-F-600547,ME_R,1.0000,19,19
VGlut-F-600551,ME_R,1.0000,8,8
VGlut-F-600552,ME_R,1.0000,32,32
VGlut-F-600554,AL_L,0.9080,158,174
VGlut-F-600555,AL_R,0.8148,176,216
VGlut-F-600557,AL_L,0.9038,188,208
VGlut-F-600560,ME_R,1.0000,33,33
VGlut-F-600565,LOP_L,0.8661,97,112
VGlut-F-600566,LOP_L,0.8288,92,111
VGlut-F-600569,ME_R,1.0000,15,15
VGlut-F-600571,ME_L,1.0000,22,22
VGlut-F-600572,ME_L,1.0000,31,31
VGlut-F-600573,ME_L,1.0000,18,18
VGlut-F-600575,ME_L,1.0000,14,14
VGlut-F-600576,ME_L,1.0000,16,16
VGlut-F-600578,ME_R,1.0000,112,112
VGlut-F-600579,FB,0.8394,115,137
VGlut-F-600581,AL_R,0.9370,119,127
VGlut-F-600583,ME_R,1.0000,40,40
VGlut-F-600588,FB,0.9124,177,194
VGlut-F-600592,LO_L,0.9865,73,74
VGlut-F-600593,ME_L,1.0000,27,27
VGlut-F-600596,ME_L,1.0000,29,29
VGlut-F-600597,ME_L,1.0000,20,20
VGlut-F-600601,AL_R,0.8526,133,156
VGlut-F-600602,FB,0.9471,161,170
VGlut-F-600609,PB,0.9206,116,126
VGlut-F-600614,ME_R,1.0000,24,24
VGlut-F-600615,LOP_R,1.0000,46,46
VGlut-F-600616,ME_R,1.0000,28,28
VGlut-F-600618,ME_L,1.0000,20,20
VGlut-F-600621,ME_L,1.0000,30,30
VGlut-F-600622,LO_R,1.0000,89,89
VGlut-F-600623,ME_R,1.0000,23,23
VGlut-F-600625,FB,0.8467,127,150
VGlut-F-600626,FB,0.8644,153,177
VGlut-F-600629,LOP_L,0.8333,90,108
VGlut-F-600630,ME_L,1.0000,31,31
VGlut-F-600631,LOP_L,0.8504,108,127
VGlut-F-600632,ME_L,1.0000,38,38
VGlut-F-600633,ME_L,1.0000,30,30
VGlut-F-600634,ME_L,1.0000,31,31
VGlut-F-600636,ME_L,1.0000,40,40
VGlut-F-600641,AL_L,0.8267,167,202
VGlut-F-600642,ME_L,1.0000,173,173
VGlut-F-600643,LOP_R,0.8455,93,110
VGlut-F-600647,AL_R,0.8239,248,301
VGlut-F-600648,ME_L,0.9010,264,293
VGlut-F-600649,ME_R,1.0000,18,18
VGlut-F-600650,ME_R,1.0000,18,18
VGlut-F-600651,LOP_R,0.8077,105,130
VGlut-F-600652,ME_R,0.9897,289,292
VGlut-F-600654,ME_L,0.9973,376,377
VGlut-F-600655,AL_L,0.9416,129,137
VGlut-F-600659,ME_L,1.0000,33,33
VGlut-F-600660,LOP_L,0.8174,94,115
VGlut-F-600661,ME_L,1.0000,18,18
VGlut-F-600675,LOP_R,0.9075,157,173
VGlut-F-600676,ME_R,1.0000,24,24
VGlut-F-600677,ME_R,1.0000,19,19
VGlut-F-600678,ME_R,0.9926,267,269
VGlut-F-600681,FB,0.9157,163,178
VGlut-F-600683,FB,0.9422,163,173
VGlut-F-600690,AL_L,0.8285,314,379
VGlut-F-600692,FB,0.9125,219,240
VGlut-F-600697,ME_R,1.0000,37,37
VGlut-F-600704,LO_L,1.0000,91,91
VGlut-F-600706,FB,0.9054,201,222
VGlut-F-600708,LOP_L,1.0000,90,90
VGlut-F-600709,LO_L,1.0000,104,104
VGlut-F-600710,ME_L,1.0000,21,21
VGlut-F-600711,AL_R,0.8824,615,697
VGlut-F-600732,ME_L,1.0000,56,56
VGlut-F-600733,FB,0.8457,148,175
VGlut-F-600737,AL_L,0.8230,279,339
VGlut-F-600744,PB,0.9710,134,138
VGlut-F-600752,LH_L,0.9172,144,157
VGlut-F-600763,ME_R,1.0000,41,41
VGlut-F-600764,LH_R,0.8292,267,322
VGlut-F-600765,PB,1.0000,100,100
VGlut-F-600768,FB,0.8938,143,160
VGlut-F-600771,ME_R,0.8883,183,206
VGlut-F-600777,LOP_L,0.8571,660,770
VGlut-F-600779,ME_L,0.9384,198,211
VGlut-F-600784,PB,1.0000,140,140
VGlut-F-600785,FB,0.8778,237,270
VGlut-F-600786,AL_L,0.8529,377,442
VGlut-F-600788,AL_L,0.8519,92,108
VGlut-F-600793,AL_R,0.9603,145,151
VGlut-F-600795,AL_L,0.8639,330,382
VGlut-F-600796,FB,0.9755,159,163
VGlut-F-700004,FB,0.8841,145,164
VGlut-F-700005,LOP_L,1.0000,160,160
VGlut-F-700006,ME_L,1.0000,36,36
VGlut-F-700007,ME_L,1.0000,24,24
VGlut-F-700010,GNG,0.9219,472,512
VGlut-F-700012,ME_L,0.9760,163,167
VGlut-F-700013,LOP_L,0.8643,172,199
VGlut-F-700014,LOP_L,0.8412,143,170
VGlut-F-700015,ME_L,1.0000,24,24
VGlut-F-700017,LOP_R,0.8990,187,208
VGlut-F-700021,AL_R,0.8936,126,141
VGlut-F-700023,ME_R,1.0000,34,34
VGlut-F-700024,ME_L,1.0000,43,43
VGlut-F-700025,FB,0.9013,137,152
VGlut-F-700026,LO_L,1.0000,113,113
VGlut-F-700028,LOP_R,0.9961,258,259
VGlut-F-700029,FB,0.9578,159,166
VGlut-F-700030,ME_L,1.0000,27,27
VGlut-F-700033,ME_R,1.0000,32,32
VGlut-F-700034,ME_L,1.0000,23,23
VGlut-F-700035,ME_R,1.0000,23,23
VGlut-F-700036,FB,0.9508,174,183
VGlut-F-700037,FB,0.9053,172,190
VGlut-F-700038,ME_L,1.0000,26,26
VGlut-F-700039,ME_L,1.0000,322,322
VGlut-F-700041,FB,0.9419,162,172
VGlut-F-700046,FB,0.8942,186,208
VGlut-F-700047,AL_R,0.8973,131,146
VGlut-F-700049,ME_L,1.0000,33,33
VGlut-F-700058,ME_R,1.0000,9,9
VGlut-F-700060,LOP_R,0.9895,282,285
VGlut-F-700061,AL_L,0.8283,82,99
VGlut-F-700062,AL_L,0.8671,150,173
VGlut-F-700063,AL_R,0.8497,147,173
VGlut-F-700064,AL_L,0.9172,144,157
VGlut-F-700065,ME_R,1.0000,35,35
VGlut-F-700072,AL_L,0.8298,117,141
VGlut-F-700074,FB,0.9429,132,140
VGlut-F-700078,LOP_L,0.8660,84,97
VGlut-F-700079,AL_L,0.8392,240,286
VGlut-F-700081,FB,0.9219,118,128
VGlut-F-700086,ME_R,1.0000,42,42
VGlut-F-700087,ME_R,1.0000,21,21
VGlut-F-700088,ME_L,0.9688,31,32
VGlut-F-700090,ME_R,1.0000,14,14
VGlut-F-700091,ME_L,1.0000,33,33
VGlut-F-700096,LOP_R,0.8716,129,148
VGlut-F-700098,LO_R,0.9886,87,88
VGlut-F-700102,FB,0.9317,150,161
VGlut-F-700108,FB,0.9828,171,174
VGlut-F-700127,ME_R,1.0000,34,34
VGlut-F-700128,LOP_R,0.8539,187,219
VGlut-F-700135,ME_L,1.0000,48,48
VGlut-F-700136,ME_L,1.0000,114,114
VGlut-F-700137,ME_L,1.0000,18,18
VGlut-F-700138,ME_L,1.0000,20,20
VGlut-F-700139,ME_L,1.0000,15,15
VGlut-F-700140,ME_L,1.0000,23,23
VGlut-F-700142,ME_L,1.0000,39,39
VGlut-F-700144,ME_L,0.9344,57,61
VGlut-F-700145,FB,0.8609,229,266
VGlut-F-700148,LOP_R,0.8188,122,149
VGlut-F-700149,ME_R,1.0000,24,24
VGlut-F-700150,ME_R,1.0000,25,25
VGlut-F-700151,ME_R,1.0000,28,28
VGlut-F-700157,ME_R,1.0000,25,25
VGlut-F-700158,LOP_R,0.8483,123,145
VGlut-F-700159,ME_R,1.0000,35,35
VGlut-F-700161,LO_L,0.9348,86,92
VGlut-F-700164,AL_R,0.8281,183,221
VGlut-F-700170,AL_R,0.8463,501,592
VGlut-F-700171,ME_R,1.0000,23,23
VGlut-F-700172,LOP_R,0.8491,90,106
VGlut-F-700174,ME_R,1.0000,74,74
VGlut-F-700176,LOP_L,1.0000,67,67
VGlut-F-700177,LOP_R,1.0000,206,206
VGlut-F-700180,ME_L,1.0000,33,33
VGlut-F-700181,ME_L,1.0000,76,76
VGlut-F-700189,ME_L,1.0000,35,35
VGlut-F-700194,ME_R,1.0000,12,12
VGlut-F-700197,LOP_L,0.8175,112,137
VGlut-F-700199,FB,0.9481,146,154
VGlut-F-700201,AL_L,0.9333,210,225
VGlut-F-700202,AL_L,0.9657,169,175
VGlut-F-700203,AL_L,0.9387,153,163
VGlut-F-700214,AL_R,0.8091,284,351
VGlut-F-700216,LOP_L,0.8870,102,115
VGlut-F-700220,ME_L,1.0000,153,153
VGlut-F-700224,ME_R,1.0000,3,3
VGlut-F-700225,LOP_L,0.8089,127,157
VGlut-F-700227,ME_L,1.0000,6,6
VGlut-F-700228,ME_R,0.9921,378,381
VGlut-F-700229,FB,0.9326,180,193
VGlut-F-700231,ME_L,1.0000,12,12
VGlut-F-700232,AL_R,0.8537,210,246
VGlut-F-700235,LO_R,1.0000,71,71
VGlut-F-700242,LO_R,0.9062,87,96
VGlut-F-700244,AL_R,0.8069,234,290
VGlut-F-700246,AL_R,0.9474,108,114
VGlut-F-700249,LO_L,1.0000,147,147
VGlut-F-700250,ME_L,1.0000,13,13
VGlut-F-700251,ME_L,1.0000,18,18
VGlut-F-700256,AL_R,0.8106,368,454
VGlut-F-700259,AL_L,0.8477,217,256
VGlut-F-700262,LOP_R,1.0000,283,283
VGlut-F-700263,ME_R,1.0000,35,35
VGlut-F-700273,ME_L,0.9837,242,246
VGlut-F-700274,AL_L,0.8516,155,182
VGlut-F-700278,AL_R,0.8804,427,485
VGlut-F-700281,LO_L,1.0000,89,89
VGlut-F-700282,LO_L,1.0000,86,86
VGlut-F-700283,ME_L,1.0000,36,36
VGlut-F-700292,AL_L,0.8804,81,92
VGlut-F-700297,ME_L,1.0000,47,47
VGlut-F-700298,ME_L,1.0000,26,26
VGlut-F-700299,ME_L,1.0000,20,20
VGlut-F-700300,ME_L,0.9839,183,186
VGlut-F-700304,LOP_L,0.8571,66,77
VGlut-F-700305,ME_L,0.9286,78,84
VGlut-F-700308,ME_R,0.9671,235,243
VGlut-F-700310,ME_R,0.8571,18,21
VGlut-F-700312,GNG,0.9977,437,438
VGlut-F-700319,LOP_R,0.8061,79,98
VGlut-F-700320,FB,0.8053,182,226
VGlut-F-700325,LOP_R,0.8345,121,145
VGlut-F-700327,ME_L,1.0000,26,26
VGlut-F-700333,AL_R,0.8171,134,164
VGlut-F-700335,AL_L,0.8707,229,263
VGlut-F-700337,ME_R,1.0000,27,27
VGlut-F-700338,ME_R,1.0000,57,57
VGlut-F-700339,FB,0.9135,190,208
VGlut-F-700343,LOP_R,0.8217,106,129
VGlut-F-700344,AL_R,0.8376,196,234
VGlut-F-700345,ME_R,1.0000,5,5
VGlut-F-700346,LOP_R,1.0000,120,120
VGlut-F-700347,LOP_R,1.0000,323,323
VGlut-F-700349,FB,0.9362,176,188
VGlut-F-700350,ME_R,1.0000,29,29
VGlut-F-700351,ME_R,1.0000,24,24
VGlut-F-700352,ME_R,1.0000,22,22
VGlut-F-700353,ME_R,1.0000,29,29
VGlut-F-700354,ME_R,0.9560,304,318
VGlut-F-700356,FB,0.9345,271,290
VGlut-F-700362,LO_R,1.0000,67,67
VGlut-F-700363,LOP_L,0.8046,70,87
VGlut-F-700364,ME_L,1.0000,218,218
VGlut-F-700365,FB,0.9200,161,175
VGlut-F-700366,LO_L,0.9825,112,114
VGlut-F-700367,ME_R,1.0000,4,4
VGlut-F-700369,ME_L,1.0000,27,27
VGlut-F-700372,ME_R,1.0000,18,18
VGlut-F-700373,ME_R,1.0000,28,28
VGlut-F-700375,ME_R,1.0000,19,19
VGlut-F-700377,ME_R,1.0000,76,76
VGlut-F-700378,ME_R,1.0000,19,19
VGlut-F-700379,ME_R,1.0000,28,28
VGlut-F-700380,LO_R,1.0000,113,113
VGlut-F-700382,ME_R,0.9375,15,16
VGlut-F-700384,ME_R,1.0000,31,31
VGlut-F-700385,ME_R,1.0000,28,28
VGlut-F-700386,LOP_R,0.8516,132,155
VGlut-F-700387,ME_R,1.0000,15,15
VGlut-F-700389,FB,0.8636,114,132
VGlut-F-700391,ME_L,1.0000,26,26
VGlut-F-700392,ME_L,0.9683,61,63
VGlut-F-700393,ME_L,1.0000,22,22
VGlut-F-700396,ME_R,1.0000,52,52
VGlut-F-700397,ME_R,1.0000,33,33
VGlut-F-700400,ME_R,0.9851,396,402
VGlut-F-700401,FB,0.9333,126,135
VGlut-F-700404,FB,0.8466,160,189
VGlut-F-700406,ME_R,0.9771,299,306
VGlut-F-700408,FB,0.9292,210,226
VGlut-F-700409,LO_L,1.0000,161,161
VGlut-F-700414,AL_R,0.9078,128,141
VGlut-F-700416,LOP_R,1.0000,152,152
VGlut-F-700419,AL_L,0.9133,295,323
VGlut-F-700429,LO_L,0.9643,81,84
VGlut-F-700430,LH_L,0.9185,169,184
VGlut-F-700431,ME_L,1.0000,15,15
VGlut-F-700435,LO_R,0.8814,104,118
VGlut-F-700436,LH_R,0.9457,174,184
VGlut-F-700442,FB,0.9194,194,211
VGlut-F-700444,AL_L,0.8930,217,243
VGlut-F-700446,ME_L,1.0000,183,183
VGlut-F-700448,LOP_L,0.9811,104,106
VGlut-F-700449,LO_L,0.9333,56,60
VGlut-F-700455,AL_R,0.9052,363,401
VGlut-F-700459,FB,0.8782,209,238
VGlut-F-700462,FB,0.9109,184,202
VGlut-F-700470,FB,0.8418,165,196
VGlut-F-700471,AL_R,0.8206,279,340
VGlut-F-700477,FB,0.8745,216,247
VGlut-F-700478,LO_L,1.0000,111,111
VGlut-F-700481,AL_R,0.8200,419,511
VGlut-F-700485,ME_R,1.0000,27,27
VGlut-F-700487,ME_L,1.0000,51,51
VGlut-F-700488,FB,0.9064,155,171
VGlut-F-700493,FB,0.9154,184,201
VGlut-F-700495,AL_L,0.8878,451,508
VGlut-F-700496,FB,0.9496,113,119
VGlut-F-700499,FB,0.9207,151,164
VGlut-F-700508,FB,0.8384,166,198
VGlut-F-700516,AL_L,0.8436,259,307
VGlut-F-700517,AL_L,0.8810,111,126
VGlut-F-700518,AL_R,0.9259,175,189
VGlut-F-700520,LO_R,1.0000,103,103
VGlut-F-700521,ME_R,0.9000,27,30
VGlut-F-700532,FB,0.9422,163,173
VGlut-F-700535,AL_L,0.8621,594,689
VGlut-F-700537,FB,0.8647,147,170
VGlut-F-700538,AL_L,0.8053,153,190
VGlut-F-700542,ME_L,1.0000,32,32
VGlut-F-700546,AL_R,0.9794,95,97
VGlut-F-700551,FB,0.9130,168,184
VGlut-F-700554,IPS_L,0.8134,170,209
VGlut-F-700555,FB,0.9320,233,250
VGlut-F-700557,AL_R,0.8229,395,480
VGlut-F-700564,AL_R,0.9181,157,171
VGlut-F-700566,PB,0.9821,110,112
VGlut-F-700571,FB,0.9358,175,187
VGlut-F-700574,FB,0.8583,212,247
VGlut-F-700576,AL_R,0.8613,149,173
VGlut-F-700577,AL_L,0.8550,348,407
VGlut-F-700578,LOP_L,0.8478,117,138
VGlut-F-700579,FB,0.9405,174,185
VGlut-F-700581,AL_R,0.8286,87,105
VGlut-F-700584,FB,0.9505,173,182
VGlut-F-700585,FB,0.8982,150,167
VGlut-F-700589,FB,0.9295,145,156
VGlut-F-700591,ME_R,1.0000,25,25
VGlut-F-700592,ME_R,1.0000,28,28
VGlut-F-700593,ME_R,1.0000,23,23
VGlut-F-700594,ME_R,1.0000,23,23
VGlut-F-700601,LO_R,1.0000,82,82
VGlut-F-700603,FB,0.8791,189,215
VGlut-F-700608,LOP_R,0.8373,139,166
VGlut-F-700610,AL_L,0.8724,417,478
VGlut-F-700612,LOP_L,1.0000,67,67
VGlut-F-700613,ME_L,1.0000,33,33
VGlut-F-700615,AVLP_L,0.9179,257,280
VGlut-F-800003,LOP_R,0.8415,207,246
VGlut-F-800008,ME_R,1.0000,248,248
VGlut-F-800009,ME_L,1.0000,43,43
VGlut-F-800012,AL_R,0.8414,260,309
VGlut-F-800016,AL_R,0.8879,491,553
VGlut-F-800018,ME_L,1.0000,18,18
VGlut-F-800020,ME_L,1.0000,194,194
VGlut-F-800022,FB,0.9155,195,213
VGlut-F-800023,ME_L,1.0000,7,7
VGlut-F-800026,GNG,0.8195,817,997
VGlut-F-800027,AL_L,0.9044,123,136
VGlut-F-800029,AL_R,0.8995,967,1075
VGlut-F-800032,AL_R,1.0000,177,177
VGlut-F-800039,ME_L,1.0000,24,24
VGlut-F-800041,FB,0.8333,150,180
VGlut-F-800045,FB,0.9530,142,149
VGlut-F-800049,FB,0.9222,166,180
VGlut-F-800052,ME_R,1.0000,28,28
VGlut-F-800055,AL_L,0.8834,250,283
VGlut-F-800063,FB,0.8986,186,207
VGlut-F-800077,LOP_L,0.8090,72,89
VGlut-F-800078,ME_L,1.0000,35,35
VGlut-F-800079,AVLP_L,0.8951,256,286
VGlut-F-800083,FB,0.9191,159,173
VGlut-F-800085,FB,0.9615,175,182
VGlut-F-800086,FB,0.8974,105,117
VGlut-F-800087,FB,0.8321,114,137
VGlut-F-800088,LOP_R,0.9916,235,237
VGlut-F-800091,GNG,0.9069,419,462
VGlut-F-800093,ME_R,1.0000,312,312
VGlut-F-800095,AL_L,0.8561,357,417
VGlut-F-800098,ME_R,1.0000,33,33
VGlut-F-800100,LOP_L,0.9074,147,162
VGlut-F-800107,ME_R,1.0000,34,34
VGlut-F-800108,ME_R,0.9239,364,394
VGlut-F-800110,ME_R,1.0000,44,44
VGlut-F-800111,ME_R,1.0000,38,38
VGlut-F-800112,ME_R,1.0000,92,92
VGlut-F-800113,ME_R,0.8667,26,30
VGlut-F-800114,ME_R,1.0000,317,317
VGlut-F-800116,AL_R,0.8349,177,212
VGlut-F-800117,AL_L,0.8533,128,150
VGlut-F-800125,AL_R,0.9401,157,167
VGlut-F-800130,AL_R,0.8728,741,849
VGlut-F-800131,AL_L,0.9223,190,206
VGlut-F-800134,FB,0.9362,220,235
VGlut-F-800135,FB,0.8889,176,198
VGlut-F-800137,FB,0.8495,158,186
VGlut-F-800138,ME_R,0.9834,473,481
VGlut-F-800139,LO_R,0.8739,97,111
VGlut-F-800140,ME_R,1.0000,35,35
VGlut-F-800141,FB,0.8102,111,137
VGlut-F-800146,AL_L,0.8750,126,144
VGlut-F-800148,AL_R,0.8750,196,224
VGlut-F-800150,ME_L,1.0000,26,26
VGlut-F-800151,LOP_R,1.0000,50,50
VGlut-F-800152,ME_R,1.0000,256,256
VGlut-F-800153,LOP_R,0.8758,670,765
VGlut-F-800154,FB,0.9516,118,124
VGlut-F-800164,ME_L,1.0000,19,19
VGlut-F-800165,ME_L,1.0000,27,27
VGlut-F-800167,ME_R,1.0000,18,18
VGlut-F-800168,ME_R,1.0000,30,30
VGlut-F-800169,ME_R,1.0000,29,29
VGlut-F-800170,ME_R,1.0000,24,24
VGlut-F-800171,ME_R,1.0000,24,24
VGlut-F-800173,ME_L,1.0000,17,17
VGlut-F-800174,ME_L,1.0000,8,8
VGlut-F-800176,ME_L,1.0000,27,27
VGlut-F-800179,ME_R,1.0000,29,29
VGlut-F-800180,ME_R,1.0000,22,22
VGlut-F-800181,ME_R,1.0000,26,26
VGlut-F-800182,ME_R,1.0000,27,27
VGlut-F-800183,ME_R,1.0000,33,33
VGlut-F-800184,ME_R,1.0000,21,21
VGlut-F-800185,ME_R,1.0000,28,28
VGlut-F-800186,ME_R,1.0000,48,48
VGlut-F-800187,ME_R,1.0000,34,34
VGlut-F-800188,ME_R,1.0000,27,27
VGlut-F-800189,ME_R,1.0000,36,36
VGlut-F-800190,ME_R,0.8235,14,17
VGlut-F-800192,ME_R,1.0000,21,21
VGlut-F-800193,ME_R,1.0000,32,32
VGlut-F-800194,ME_L,1.0000,34,34
VGlut-F-800195,ME_L,1.0000,25,25
VGlut-F-800197,ME_L,1.0000,36,36
VGlut-F-800198,ME_L,0.9832,234,238
VGlut-F-800199,FB,0.9349,158,169
VGlut-F-800202,ME_L,0.9722,280,288
VGlut-F-800204,ME_L,1.0000,22,22
VGlut-F-800207,AL_L,0.8769,114,130
VGlut-F-800209,ME_R,1.0000,375,375
VGlut-F-800210,ME_R,1.0000,207,207
VGlut-F-800213,ME_R,1.0000,24,24
VGlut-F-800215,ME_R,1.0000,28,28
VGlut-F-800216,ME_L,1.0000,16,16
VGlut-F-800217,ME_L,1.0000,26,26
VGlut-F-800218,ME_L,1.0000,21,21
VGlut-F-800223,ME_L,1.0000,11,11
VGlut-F-800225,ME_L,1.0000,29,29
VGlut-F-800226,ME_L,1.0000,28,28
VGlut-F-800227,GNG,0.9945,359,361
VGlut-F-800229,ME_R,1.0000,20,20
VGlut-F-800230,ME_R,1.0000,17,17
VGlut-F-800231,ME_R,1.0000,25,25
VGlut-F-800232,LO_R,0.9712,101,104
VGlut-F-800237,ME_L,1.0000,33,33
VGlut-F-800238,ME_L,1.0000,29,29
VGlut-F-800239,AL_R,0.8976,149,166
VGlut-F-800240,FB,0.9519,178,187
VGlut-F-800242,ME_R,1.0000,36,36
VGlut-F-800244,ME_R,1.0000,23,23
VGlut-F-800250,FB,0.9569,200,209
VGlut-F-800255,PB,0.9808,51,52
VGlut-F-800260,FB,0.9301,173,186
VGlut-F-800261,AL_R,0.9541,1018,1067
VGlut-F-800262,AL_L,0.8358,112,134
VGlut-F-800263,AL_L,0.8548,412,482
VGlut-F-800268,FB,0.8872,118,133
VGlut-F-800269,AL_L,0.8987,71,79
VGlut-F-800272,FB,0.8291,165,199
VGlut-F-800273,AL_R,0.8135,253,311
VGlut-F-800278,FB,0.9461,158,167
VGlut-F-800279,LOP_L,0.8505,91,107
VGlut-F-800281,FB,0.8718,170,195
VGlut-F-800282,PB,0.9257,137,148
VGlut-F-800285,ME_R,0.9927,406,409
VGlut-F-800286,AL_L,0.8030,159,198
VGlut-F-800288,AL_L,0.8714,122,140
VGlut-F-800291,AL_R,0.8551,183,214
VGlut-F-800296,ME_R,1.0000,59,59
VGlut-F-800297,ME_R,1.0000,52,52
VGlut-F-800301,ME_R,1.0000,23,23
VGlut-F-800304,AL_R,0.8531,656,769
VGlut-F-800307,LOP_L,0.9414,225,239
VGlut-F-800308,AL_L,0.9698,643,663
VGlut-F-800309,ME_L,1.0000,84,84
VGlut-F-800310,LOP_L,0.8473,111,131
VGlut-F-800311,LOP_L,0.8731,117,134
VGlut-F-800312,ME_L,1.0000,4,4
VGlut-F-800320,LO_L,1.0000,91,91
VGlut-F-800325,AL_L,0.8137,214,263
VGlut-F-800327,ME_L,1.0000,37,37
VGlut-F-800328,FB,0.8973,201,224
VGlut-F-800330,FB,0.9231,156,169
VGlut-F-900001,ME_R,0.9959,483,485
VGlut-F-900002,ME_L,1.0000,60,60
VGlut-F-900007,ME_L,1.0000,305,305
VGlut-F-900008,GNG,0.9474,414,437
VGlut-F-900012,ME_L,0.9976,1644,1648
VGlut-F-900019,GNG,0.9262,439,474
VGlut-F-900021,LO_L,0.8934,310,347
VGlut-F-900025,ME_L,0.9978,458,459
VGlut-F-900029,AL_R,0.8529,313,367
VGlut-F-900030,ME_L,0.8927,183,205
VGlut-F-900032,FB,0.9013,137,152
VGlut-F-900033,PB,0.8558,89,104
VGlut-F-900038,ME_R,1.0000,17,17
VGlut-F-900039,ME_R,1.0000,26,26
VGlut-F-900044,LO_L,0.9910,110,111
VGlut-F-900049,FB,0.8814,156,177
VGlut-F-900054,ME_L,0.9954,215,216
VGlut-F-900055,LOP_L,0.8800,836,950
VGlut-F-900056,ME_R,1.0000,14,14
VGlut-F-900061,AL_R,0.8605,185,215
VGlut-F-900062,AVLP_L,0.8843,978,1106
VGlut-F-900066,FB,0.9448,137,145
VGlut-F-900067,ME_R,0.9635,211,219
VGlut-F-900072,ME_R,1.0000,27,27
VGlut-F-900073,ME_R,1.0000,37,37
VGlut-F-900077,ME_R,1.0000,26,26
VGlut-F-900078,ME_R,1.0000,14,14
VGlut-F-900079,LOP_R,0.8081,80,99
VGlut-F-900080,FB,0.8571,126,147
VGlut-F-900084,ME_R,1.0000,27,27
VGlut-F-900085,LOP_L,1.0000,100,100
VGlut-F-900086,ME_L,1.0000,21,21
VGlut-F-900087,ME_R,0.9890,270,273
VGlut-F-900090,AL_L,0.9472,879,928
VGlut-F-900091,PB,0.9500,76,80
VGlut-F-900096,ME_L,1.0000,247,247
VGlut-F-900097,AL_L,0.8681,158,182
VGlut-F-900098,AL_R,0.8881,127,143
VGlut-F-900100,AL_L,0.8446,125,148
VGlut-F-900101,AL_R,0.8304,333,401
VGlut-F-900105,ME_L,1.0000,21,21
VGlut-F-900106,ME_L,1.0000,24,24
VGlut-F-900108,AL_L,1.0000,91,91
VGlut-F-900109,AL_L,0.8608,167,194
VGlut-F-900110,ME_R,0.9825,225,229
VGlut-F-900111,ME_L,0.9748,426,437
VGlut-F-900113,AL_R,0.8477,256,302
VGlut-F-900114,AL_R,0.8611,62,72
VGlut-F-900116,ME_L,1.0000,19,19
VGlut-F-900121,AL_L,0.8310,118,142
VGlut-F-900123,ME_R,1.0000,1056,1056
VGlut-F-900131,FB,0.9713,169,174
VGlut-F-900133,IPS_L,0.8670,163,188
VGlut-F-900134,AL_L,0.8249,146,177
VGlut-F-900136,FB,0.9324,138,148
VGlut-F-900137,AL_L,0.9049,628,694
VT19730-F-200000,AL_R,0.9364,2650,2830
VT19730-M-200000,AL_R,0.9902,2334,2357
VT4419-F-100000,AL_R,0.9787,3270,3341
VT4419-F-200001,AL_L,0.9851,1790,1817
VT4419-F-200002,AL_R,0.9558,2680,2804
VT4419-F-200003,AL_R,0.9531,3087,3239
VT4419-F-200004,AL_L,0.9941,2853,2870
VT4419-F-200005,AL_L,0.9955,2424,2435
VT4419-F-200006,AL_L,0.9995,2052,2053
VT4419-F-200007,AL_R,0.9891,2720,2750
VT4419-F-200008,AL_R,0.9387,2800,2983
VT4419-F-200009,AL_L,0.9991,2332,2334
VT4419-F-200010,AL_R,0.9296,2906,3126
VT4419-F-200011,AL_R,0.9637,3156,3275
VT4419-F-200012,AL_R,0.9833,2236,2274
VT4419-F-300000,AL_R,0.9355,1334,1426
VT4419-F-300001,AL_R,0.9288,1449,1560
VT4419-F-300002,AL_L,0.9888,1409,1425
VT4419-F-300003,AL_L,0.9977,2173,2178
VT4419-F-300004,AL_L,0.9996,2225,2226
VT4419-F-300005,AL_R,1.0000,2780,2780
VT4419-F-300006,AL_L,0.9987,3004,3008
VT4419-F-300007,AL_R,0.9973,2587,2594
VT4419-F-300008,AL_L,0.9957,1402,1408
VT4419-F-300009,AL_L,0.9759,2955,3028
VT4419-F-300011,AL_L,0.9965,2287,2295
VT4419-F-300012,AL_L,1.0000,1325,1325
VT4419-F-300013,AL_R,1.0000,1537,1537
VT4419-F-300014,AL_R,0.9687,1579,1630
VT4419-F-300015,AL_L,0.9993,3030,3032
VT4419-F-300016,AL_R,0.9964,2762,2772
VT4419-F-300017,AL_L,0.9996,2560,2561
VT4419-M-200000,AL_R,0.9935,3842,3867
VT4419-M-200001,AL_L,0.9982,3344,3350
VT4419-M-200002,AL_R,1.0000,3371,3371
VT4419-M-200003,AL_R,0.9940,3493,3514
VT4419-M-200004,AL_L,0.9986,4399,4405
VT4419-M-200005,AL_R,0.9919,3540,3569
VT4419-M-200006,AL_R,0.9927,3145,3168
VT4419-M-200007,AL_R,0.9945,3603,3623
VT4419-M-200008,AL_L,0.9998,4021,4022
VT4419-M-200009,AL_R,0.9796,3364,3434
VT4419-M-200010,AL_L,0.9998,4181,4182
VT4419-M-200011,AL_R,0.9926,2832,2853
VT4419-M-200012,AL_L,0.9982,3240,3246
VT4419-M-200013,AL_R,0.9960,3278,3291
VT4419-M-200014,AL_L,0.9951,2841,2855
VT4419-M-200015,AL_R,0.9834,3732,3795
VT4419-M-200016,AL_R,0.9856,3207,3254
VT4419-M-200017,AL_R,0.9912,2246,2266
VT4419-M-200018,AL_L,0.9952,3720,3738
VT4419-M-200019,AL_L,0.9944,3758,3779
VT4419-M-200020,AL_L,0.9905,3874,3911
VT4419-M-200021,AL_R,0.9913,3318,3347
VT4419-M-200022,AL_R,0.9997,3652,3653
VT4419-M-200023,AL_R,0.9884,3243,3281
VT4419-M-200024,AL_R,0.9797,3819,3898
VT4419-M-200025,AL_L,0.9965,4325,4340
VT4419-M-300000,AL_R,0.9945,3080,3097
VT4419-M-300001,AL_L,0.9957,2547,2558
VT4419-M-300002,AL_R,0.9964,2205,2213
VT4419-M-300003,AL_R,0.9636,1323,1373
VT4419-M-300004,AL_L,0.9944,3004,3021
VT4419-M-300005,AL_R,0.9491,1230,1296
VT4419-M-300006,AL_L,0.9907,3830,3866
VT4419-M-300007,AL_R,0.9884,3490,3531
VT4419-M-300008,AL_L,0.9935,3539,3562
VT4419-M-300009,AL_R,0.9878,3711,3757
VT4419-M-300010,AL_L,0.9986,1445,1447
VT4419-M-300011,AL_L,0.9817,1450,1477
VT4419-M-300013,AL_R,0.9715,3482,3584
VT4419-M-300014,AL_R,0.9970,2685,2693
VT4419-M-300015,AL_R,0.9912,3252,3281
VT4419-M-300016,AL_R,0.9913,3754,3787
VT4419-M-300017,AL_L,0.9993,1474,1475
VT4419-M-300018,AL_R,0.9966,2916,2926
VT4419-M-300019,AL_L,0.9988,3216,3220
VT4419-M-300020,AL_L,0.9919,3565,3594
VT4419-M-300021,AL_L,0.9976,2913,2920
VT4419-M-300022,AL_L,0.9945,4011,4033
VT4419-M-300023,AL_R,0.9931,3732,3758
VT4419-M-300024,AL_L,0.9923,4407,4441
VT4419-M-300025,AL_L,0.9946,3500,3519
VT4419-M-300026,AL_L,0.9975,3654,3663
VT4419-M-300027,AL_L,0.9909,3803,3838
VT4419-M-300028,AL_R,0.9892,2659,2688
VT4419-M-300029,AL_L,0.9920,3855,3886
VT4419-M-300030,AL_L,0.9835,2087,2122
VT4419-M-300031,AL_R,0.9258,1185,1280
VT4419-M-300032,AL_L,0.9988,4022,4027
VT4419-M-300033,AL_L,0.9950,4001,4021
VT449-F-000001,AL_R,0.9756,2439,2500
VT449-F-000002,AL_L,0.9981,2643,2648
VT449-F-1000000,AL_R,0.9689,2554,2636
VT449-F-1000001,AL_R,0.9921,3638,3667
VT449-F-1000002,AL_L,0.9994,3093,3095
VT449-F-1000003,AL_R,0.9729,2768,2845
VT449-F-1000004,AL_R,0.9779,2882,2947
VT449-F-1000006,AL_R,0.9842,2185,2220
VT449-F-2000001,AL_R,0.9876,3254,3295
VT449-F-2000002,AL_L,0.9970,3037,3046
VT449-F-2000003,AL_L,0.9990,1972,1974
VT449-F-2000004,AL_L,0.9982,2225,2229
VT449-F-2000005,AL_L,0.9985,1973,1976
VT449-F-3000000,AL_R,0.9116,2538,2784
VT449-M-100001,AL_L,1.0000,2322,2322
VT449-M-100002,AL_R,1.0000,2360,2360
VT449-M-100003,AL_L,0.9983,2402,2406
VT449-M-200000,AL_L,1.0000,3130,3130
VT449-M-200001,AL_R,1.0000,2980,2980
VT449-M-200002,AL_L,1.0000,2558,2558
VT449-M-200004,AL_R,1.0000,1807,1807
VT449-M-200005,AL_R,1.0000,2538,2538
VT449-M-200006,AL_L,0.9964,2221,2229
VT449-M-200007,AL_R,1.0000,2213,2213
VT449-M-200008,AL_L,0.9989,1835,1837
VT449-M-200009,AL_R,0.9931,1881,1894
VT449-M-300000,AL_L,0.9988,3200,3204
VT449-M-300001,AL_R,1.0000,2504,2504
VT449-M-300002,AL_R,1.0000,2993,2993
VT449-M-300003,AL_R,1.0000,2603,2603
VT449-M-300004,AL_L,0.9974,2686,2693
VT449-M-300005,AL_L,0.9989,2711,2714
VT449-M-300006,AL_L,0.9960,3020,3032
VT449-M-400000,AL_L,0.9997,3171,3172
VT8167-F-200000,AL_L,0.9968,3082,3092
VT8167-F-200001,AL_L,0.9995,2174,2175
VT8167-F-200002,AL_R,0.9372,1956,2087
VT8167-F-200003,AL_R,0.9959,3131,3144
VT8167-F-200004,AL_R,0.9611,3655,3803
VT8167-F-200005,AL_R,0.9989,3577,3581
VT8167-F-200006,AL_R,0.9956,2741,2753
VT8167-F-200007,AL_R,0.9936,4209,4236
VT8167-F-200008,AL_R,0.9657,2876,2978
VT8167-F-200009,AL_L,0.9939,2783,2800
VT8167-F-200010,AL_L,0.9964,3558,3571
fru-F-000003,ME_L,0.9324,262,281
fru-F-000004,ME_R,0.9179,257,280
fru-F-000005,AL_R,0.8211,101,123
fru-F-000008,ME_L,0.8827,173,196
fru-F-000013,ME_R,0.9163,197,215
fru-F-000015,FB,0.9844,126,128
fru-F-000020,ME_L,1.0000,66,66
fru-F-000030,LO_L,0.8529,116,136
fru-F-000044,ME_L,1.0000,374,374
fru-F-000055,ME_R,1.0000,242,242
fru-F-000056,ME_L,0.8802,147,167
fru-F-000077,ME_R,0.8485,924,1089
fru-F-000087,GNG,0.9799,536,547
fru-F-000089,SMP_R,0.9118,527,578
fru-F-000093,ME_R,0.9680,333,344
fru-F-000096,FB,0.8959,198,221
fru-F-000109,SMP_L,0.9730,360,370
fru-F-000111,ME_R,0.8117,388,478
fru-F-000115,FB,0.9020,138,153
fru-F-000123,FB,0.9141,149,163
fru-F-000127,ME_L,1.0000,366,366
fru-F-000132,ME_L,0.9395,264,281
fru-F-000138,FB,0.8966,156,174
fru-F-000144,SMP_L,0.8295,394,475
fru-F-000148,FB,0.8163,120,147
fru-F-000165,FB,0.8923,116,130
fru-F-000167,GNG,0.9671,411,425
fru-F-000172,FB,0.8261,152,184
fru-F-000176,FB,0.8662,136,157
fru-F-000181,SMP_R,0.8027,236,294
fru-F-000188,SMP_L,0.8772,350,399
fru-F-000200,ME_L,0.9931,288,290
fru-F-000208,ME_R,0.9098,343,377
fru-F-000210,ME_L,0.8314,143,172
fru-F-000213,ME_L,0.9181,213,232
fru-F-000218,GNG,0.9602,338,352
fru-F-000220,ME_R,0.8162,111,136
fru-F-000233,LO_L,0.8289,722,871
fru-F-000238,ME_R,1.0000,436,436
fru-F-000242,GNG,0.9977,430,431
fru-F-000246,FB,0.8715,156,179
fru-F-100007,ME_R,1.0000,83,83
fru-F-100024,ME_L,0.9189,68,74
fru-F-100029,ME_R,0.9227,215,233
fru-F-100066,ME_L,0.9008,227,252
fru-F-100077,SMP_R,0.8144,1053,1293
fru-F-100080,FB,0.8906,171,192
fru-F-100088,ME_L,0.8466,265,313
fru-F-100089,ME_L,0.8824,165,187
fru-F-100095,ME_R,0.9643,270,280
fru-F-100120,LO_R,0.8514,189,222
fru-F-100129,ME_L,1.0000,335,335
fru-F-100135,ME_R,0.8333,145,174
fru-F-100144,LOP_L,0.8534,675,791
fru-F-200012,LO_L,0.8268,463,560
fru-F-200041,LO_R,0.9588,326,340
fru-F-200053,ME_L,0.8974,70,78
fru-F-200063,ME_R,0.8140,35,43
fru-F-200078,ME_L,0.9954,436,438
fru-F-200094,FB,0.9479,200,211
fru-F-200096,SMP_R,0.9275,192,207
fru-F-200108,ME_L,1.0000,283,283
fru-F-200110,ME_R,0.8548,212,248
fru-F-200116,FB,0.8444,114,135
fru-F-200122,LH_L,0.8223,162,197
fru-F-200127,FB,0.9714,204,210
fru-F-200129,ME_L,0.9716,171,176
fru-F-200138,ME_R,1.0000,61,61
fru-F-200147,SMP_L,0.8249,377,457
fru-F-200153,ME_R,0.8443,412,488
fru-F-200166,ME_L,0.9843,250,254
fru-F-200167,ME_L,1.0000,316,316
fru-F-200168,ME_L,0.9459,280,296
fru-F-200170,FB,0.9000,162,180
fru-F-200174,ME_L,1.0000,354,354
fru-F-200177,ME_R,1.0000,371,371
fru-F-200181,ME_R,1.0000,550,550
fru-F-200184,ME_R,0.9449,343,363
fru-F-200200,ME_R,0.8918,964,1081
fru-F-200209,FB,0.8843,214,242
fru-F-200212,ME_L,0.9366,251,268
fru-F-300012,ME_L,0.9385,229,244
fru-F-300034,LO_L,0.9569,111,116
fru-F-300038,LOP_R,0.8841,61,69
fru-F-300040,LOP_L,0.9221,71,77
fru-F-300055,LOP_L,0.9230,719,779
fru-F-300078,ME_R,0.9771,213,218
fru-F-300085,SMP_R,0.9482,439,463
fru-F-300088,FB,0.9000,279,310
fru-F-300108,FB,0.8054,149,185
fru-F-300113,ME_L,0.9703,229,236
fru-F-300114,ME_L,1.0000,537,537
fru-F-300117,ME_L,0.8661,815,941
fru-F-300125,GNG,0.9965,284,285
fru-F-300126,FB,0.8710,243,279
fru-F-300130,ME_L,0.8032,400,498
fru-F-300132,ME_R,0.9556,258,270
fru-F-300137,FB,0.9633,210,218
fru-F-300145,LO_L,0.9645,408,423
fru-F-300146,ME_L,1.0000,365,365
fru-F-300148,SMP_L,0.8484,291,343
fru-F-300152,ME_L,0.9571,201,210
fru-F-300157,FB,0.9712,236,243
fru-F-300164,ME_L,1.0000,291,291
fru-F-300165,SMP_L,0.8378,310,370
fru-F-300170,ME_R,0.9839,306,311
fru-F-300174,SMP_L,0.8092,403,498
fru-F-300175,ME_L,0.8846,184,208
fru-F-300179,ME_R,0.8967,330,368
fru-F-300180,LO_R,0.9866,221,224
fru-F-300182,LO_L,0.9246,184,199
fru-F-300191,GNG,0.9849,653,663
fru-F-300196,ME_L,0.9978,463,464
fru-F-300197,ME_L,1.0000,239,239
fru-F-300202,ME_L,0.8519,1076,1263
fru-F-300203,ME_L,0.9662,229,237
fru-F-300217,ME_R,0.9866,369,374
fru-F-300219,FB,0.9091,190,209
fru-F-300223,ME_L,1.0000,344,344
fru-F-400011,LH_R,0.9542,125,131
fru-F-400014,FB,0.8354,132,158
fru-F-400016,ME_R,1.0000,80,80
fru-F-400044,AVLP_L,0.8000,92,115
fru-F-400068,FB,0.9098,111,122
fru-F-400072,FB,0.8125,91,112
fru-F-400077,FB,0.8607,105,122
fru-F-400095,FB,0.8824,105,119
fru-F-400101,FB,0.8106,107,132
fru-F-400110,FB,0.8521,144,169
fru-F-400135,FB,0.9160,120,131
fru-F-400136,FB,0.8425,107,127
fru-F-400150,FB,0.8471,144,170
fru-F-400152,FB,0.8171,134,164
fru-F-400171,SMP_R,0.8120,190,234
fru-F-400172,FB,0.8136,96,118
fru-F-400179,LO_L,0.9900,199,201
fru-F-400180,LH_L,0.9207,151,164
fru-F-400203,AVLP_L,0.8000,200,250
fru-F-400212,ME_L,1.0000,106,106
fru-F-400215,FB,0.8218,143,174
fru-F-400219,LH_R,0.9431,199,211
fru-F-400221,ME_L,0.8900,178,200
fru-F-400225,FB,0.9451,155,164
fru-F-400232,LO_L,0.8016,307,383
fru-F-400237,LO_L,1.0000,254,254
fru-F-400254,LO_R,0.9239,85,92
fru-F-400258,AVLP_L,0.8047,276,343
fru-F-400263,LO_L,1.0000,339,339
fru-F-400295,ME_L,0.9902,303,306
fru-F-400310,ME_R,0.9840,308,313
fru-F-400327,ME_R,0.8251,217,263
fru-F-400364,SLP_L,0.8631,479,555
fru-F-400366,ME_L,0.8126,386,475
fru-F-400376,SMP_L,0.9751,391,401
fru-F-400381,FB,0.9091,110,121
fru-F-400456,LO_R,1.0000,360,360
fru-F-400469,FB,0.8211,101,123
fru-F-400472,FB,0.8523,150,176
fru-F-400487,FB,0.8621,150,174
fru-F-400495,LO_R,0.9908,431,435
fru-F-400505,AVLP_R,1.0000,158,158
fru-F-400521,FB,0.8333,120,144
fru-F-400535,ME_L,0.8667,130,150
fru-F-400539,ME_R,0.8013,125,156
fru-F-400542,LOP_R,0.8035,552,687
fru-F-500004,ME_R,0.9204,185,201
fru-F-500005,ME_L,1.0000,484,484
fru-F-500014,FB,0.8814,104,118
fru-F-500017,FB,0.8295,107,129
fru-F-500031,FB,0.9068,107,118
fru-F-500036,ME_R,0.8618,106,123
fru-F-500041,FB,0.9102,152,167
fru-F-500058,FB,0.8896,137,154
fru-F-500065,FB,0.8618,131,152
fru-F-500068,SMP_R,0.8000,164,205
fru-F-500073,SMP_L,0.8345,232,278
fru-F-500091,FB,0.8287,150,181
fru-F-500100,FB,0.8077,84,104
fru-F-500110,FB,0.8443,103,122
fru-F-500113,FB,0.8267,124,150
fru-F-500129,FB,0.8672,111,128
fru-F-500141,FB,0.8345,121,145
fru-F-500157,FB,0.8138,118,145
fru-F-500159,SMP_R,0.8299,239,288
fru-F-500164,FB,0.8284,111,134
fru-F-500171,FB,0.8984,115,128
fru-F-500177,LH_R,0.9856,137,139
fru-F-500178,FB,0.8286,145,175
fru-F-500186,FB,0.8994,143,159
fru-F-500207,FB,0.8846,138,156
fru-F-500210,FB,0.8599,135,157
fru-F-500217,FB,0.8698,147,169
fru-F-500219,FB,0.8800,176,200
fru-F-500226,LO_L,0.9438,168,178
fru-F-500228,FB,0.8534,163,191
fru-F-500229,LH_R,0.8777,244,278
fru-F-500233,FB,0.8827,143,162
fru-F-500234,SMP_R,0.8207,238,290
fru-F-500237,FB,0.8353,142,170
fru-F-500250,SMP_R,0.8000,536,670
fru-F-500251,FB,0.8313,138,166
fru-F-500258,LO_L,0.8553,195,228
fru-F-500261,FB,0.8472,122,144
fru-F-500262,ME_R,0.9140,202,221
fru-F-500271,ME_R,0.8165,227,278
fru-F-500283,ME_L,0.9102,152,167
fru-F-500287,ME_L,1.0000,306,306
fru-F-500294,FB,0.8646,166,192
fru-F-500298,ME_L,0.9903,408,412
fru-F-500311,FB,0.9239,170,184
fru-F-500319,FB,0.9295,145,156
fru-F-500335,ME_R,0.9900,298,301
fru-F-500363,FB,0.8125,104,128
fru-F-500366,FB,0.8676,118,136
fru-F-500367,FB,0.8166,138,169
fru-F-500376,AVLP_L,0.8840,716,810
fru-F-500386,FB,0.9577,181,189
fru-F-500395,AVLP_L,0.8909,694,779
fru-F-500409,FB,0.8702,181,208
fru-F-500414,FB,0.8929,175,196
fru-F-500418,FB,0.8503,125,147
fru-F-500422,FB,0.8713,176,202
fru-F-500423,FB,0.9019,193,214
fru-F-500426,FB,0.8564,173,202
fru-F-500427,FB,0.9071,127,140
fru-F-500431,FB,0.8043,111,138
fru-F-500444,FB,0.8476,178,210
fru-F-500468,FB,0.8251,151,183
fru-F-500473,SMP_L,0.9036,422,467
fru-F-500474,FB,0.8914,156,175
fru-F-500479,LH_L,0.8838,175,198
fru-F-500494,FB,0.8693,173,199
fru-F-500501,FB,0.8571,174,203
fru-F-500502,FB,0.8324,144,173
fru-F-500508,FB,0.8365,87,104
fru-F-500520,FB,0.8295,107,129
fru-F-500521,FB,0.8148,110,135
fru-F-500522,FB,0.8535,134,157
fru-F-500523,FB,0.8626,113,131
fru-F-500542,FB,0.9226,143,155
fru-F-500544,AVLP_L,0.8185,266,325
fru-F-500548,FB,0.9254,186,201
fru-F-500555,FB,0.8247,127,154
fru-F-500565,FB,0.8924,199,223
fru-F-500586,FB,0.9437,201,213
fru-F-500587,FB,0.8571,126,147
fru-F-500591,FB,0.8533,128,150
fru-F-500594,AVLP_L,0.8093,208,257
fru-F-600013,FB,0.9375,105,112
fru-F-600043,SLP_L,0.8220,97,118
fru-F-600054,FB,0.8920,157,176
fru-F-600061,FB,0.8750,140,160
fru-F-600065,FB,0.8786,152,173
fru-F-600066,FB,0.8731,117,134
fru-F-600072,FB,0.8841,122,138
fru-F-600085,FB,0.8488,146,172
fru-F-600096,GNG,0.8851,262,296
fru-F-600113,FB,0.9488,241,254
fru-F-600116,AVLP_L,0.8203,283,345
fru-F-600132,FB,0.8446,125,148
fru-F-600135,FB,0.9316,177,190
fru-F-600138,FB,0.8121,134,165
fru-F-600149,SMP_R,0.8051,190,236
fru-F-600150,FB,0.8842,229,259
fru-F-600160,AVLP_L,0.8516,132,155
fru-F-600161,AVLP_L,0.8249,292,354
fru-F-600169,FB,0.8350,167,200
fru-F-600170,FB,0.8973,131,146
fru-F-600171,FB,0.8773,143,163
fru-F-600177,SMP_L,0.8043,333,414
fru-F-600178,LO_R,0.8090,161,199
fru-F-600179,FB,0.8485,84,99
fru-F-600183,FB,0.8613,118,137
fru-F-600189,FB,0.9172,144,157
fru-F-600192,FB,0.8173,170,208
fru-F-600205,FB,0.8220,157,191
fru-F-600211,SMP_L,0.8462,143,169
fru-F-600218,FB,0.8471,133,157
fru-F-600227,FB,0.8483,151,178
fru-F-600241,FB,0.8264,119,144
fru-F-600243,AVLP_R,0.8529,516,605
fru-F-600244,FB,0.8786,123,140
fru-F-600246,FB,0.8917,107,120
fru-F-600247,AVLP_L,0.8182,108,132
fru-F-600249,FB,0.8618,131,152
fru-F-600250,FB,0.8390,99,118
fru-F-600260,FB,0.8506,74,87
fru-F-600261,FB,0.9189,136,148
fru-F-600276,FB,0.8611,124,144
fru-F-600286,FB,0.9545,105,110
fru-F-600288,FB,0.8827,173,196
fru-F-700010,FB,0.9268,114,123
fru-F-700017,FB,0.8938,101,113
fru-F-700020,ME_L,1.0000,28,28
fru-F-700040,SMP_R,0.8298,195,235
fru-F-700041,FB,0.9231,108,117
fru-F-700044,SMP_L,0.8066,196,243
fru-F-700045,FB,0.8762,92,105
fru-F-700065,FB,0.8879,103,116
fru-F-700073,FB,0.8240,103,125
fru-F-700102,FB,0.8188,122,149
fru-F-700106,FB,0.8649,128,148
fru-F-700111,ME_L,0.8557,166,194
fru-F-700124,FB,0.8552,124,145
fru-F-700125,AVLP_L,0.8867,548,618
fru-F-700138,AVLP_L,0.9038,216,239
fru-F-700156,LO_R,0.8667,156,180
fru-F-700157,ME_L,0.8129,352,433
fru-F-700158,ME_L,0.8232,135,164
fru-F-700159,ME_R,1.0000,541,541
fru-F-700171,ME_R,0.9130,273,299
fru-F-700173,FB,0.8571,150,175
fru-F-700174,SMP_R,0.8225,190,231
fru-F-700177,ME_L,0.9176,256,279
fru-F-700184,FB,0.8529,116,136
fru-F-700188,LO_L,0.8000,184,230
fru-F-700191,SMP_L,0.8649,461,533
fru-F-700192,FB,0.8357,117,140
fru-F-700198,FB,0.9048,152,168
fru-F-700199,AVLP_L,0.8808,133,151
fru-F-700204,AVLP_R,0.9976,423,424
fru-F-700211,FB,0.8182,90,110
fru-F-700215,FB,0.9604,97,101
fru-F-700218,ME_L,0.9892,274,277
fru-F-700220,FB,0.9444,136,144
fru-F-700226,FB,0.9073,137,151
fru-F-700227,WED_L,0.8095,119,147
fru-F-700237,FB,0.9197,126,137
fru-F-700253,FB,0.8961,138,154
fru-F-700254,FB,0.8232,149,181
fru-F-700255,AVLP_L,0.9157,152,166
fru-F-700261,FB,0.8851,154,174
fru-F-700263,LO_R,0.9942,680,684
fru-F-700268,FB,0.8345,116,139
fru-F-700271,GNG,1.0000,541,541
fru-F-700273,FB,0.8721,150,172
fru-F-700281,FB,0.8777,122,139
fru-F-700288,AVLP_L,0.9020,313,347
fru-F-700291,LO_R,1.0000,428,428
fru-F-800002,AVLP_R,0.8771,207,236
fru-F-800009,ME_R,0.9956,457,459
fru-F-800035,AVLP_L,0.9813,105,107
fru-F-800045,FB,0.8182,153,187
fru-F-800047,AVLP_L,0.9358,102,109
fru-F-800051,ME_R,0.9941,336,338
fru-F-800052,ME_L,0.8114,426,525
fru-F-800055,ME_L,0.8800,242,275
fru-F-800060,ME_R,0.9161,273,298
fru-F-800062,SMP_L,0.8095,238,294
fru-F-800064,ME_R,0.9915,351,354
fru-F-800065,ME_R,0.8378,186,222
fru-F-800066,LO_L,0.8728,453,519
fru-F-800070,FB,0.8652,154,178
fru-F-800074,FB,0.8634,177,205
fru-F-800079,LO_L,0.9031,205,227
fru-F-800086,ME_R,1.0000,144,144
fru-F-800087,ME_R,0.8817,82,93
fru-F-800095,FB,0.8681,125,144
fru-F-800101,FB,0.8227,116,141
fru-F-800102,ME_R,0.8331,504,605
fru-F-900010,ME_L,1.0000,389,389
fru-F-900013,LO_R,1.0000,335,335
fru-F-900014,ME_R,0.9960,496,498
fru-F-900019,ME_L,1.0000,331,331
fru-F-900025,LO_L,1.0000,232,232
fru-F-900026,SMP_R,0.9689,218,225
fru-F-900030,GNG,0.8189,199,243
fru-F-900042,WED_L,0.8000,100,125
fru-F-900046,ME_R,0.8469,249,294
fru-F-900048,SMP_L,0.8265,362,438
fru-F-900053,LO_L,0.8333,140,168
fru-F-900056,FB,0.8522,173,203
fru-F-900057,LO_R,0.8013,121,151
fru-M-000007,LO_R,0.9780,311,318
fru-M-000009,FB,0.8984,115,128
fru-M-000020,ME_R,0.8750,203,232
fru-M-000026,ME_R,0.8255,123,149
fru-M-000036,FB,0.9225,131,142
fru-M-000049,ME_L,0.9159,196,214
fru-M-000053,FB,0.8599,135,157
fru-M-000058,FB,0.9259,150,162
fru-M-000062,ME_L,0.9286,169,182
fru-M-000065,FB,0.9419,146,155
fru-M-000074,GNG,1.0000,273,273
fru-M-000082,FB,0.9240,158,171
fru-M-000101,FB,0.8025,126,157
fru-M-000105,ME_R,0.8618,343,398
fru-M-000106,FB,0.9463,229,242
fru-M-000113,FB,0.9182,146,159
fru-M-000123,SMP_L,0.8861,607,685
fru-M-000125,SMP_L,0.9485,405,427
fru-M-000126,ME_L,0.8326,194,233
fru-M-000145,FB,0.9096,171,188
fru-M-000150,ME_R,0.9228,275,298
fru-M-000157,FB,0.8581,127,148
fru-M-000165,ME_L,0.8319,188,226
fru-M-000181,FB,0.8122,199,245
fru-M-000185,LO_R,0.8000,16,20
fru-M-000193,ME_R,0.8298,273,329
fru-M-000196,SMP_R,0.9864,362,367
fru-M-000200,SMP_R,0.9852,466,473
fru-M-000205,FB,0.9421,228,242
fru-M-000207,SMP_R,0.8110,472,582
fru-M-000209,ME_L,0.8369,195,233
fru-M-000225,FB,0.9554,193,202
fru-M-000230,GNG,0.9270,254,274
fru-M-000231,ME_L,0.8571,228,266
fru-M-000232,FB,0.8474,161,190
fru-M-000236,ME_L,0.8033,196,244
fru-M-000250,FB,0.9144,203,222
fru-M-000277,FB,0.8630,126,146
fru-M-000298,SMP_R,0.8078,458,567
fru-M-000301,LO_L,0.9876,1278,1294
fru-M-000316,FB,0.8693,133,153
fru-M-000326,FB,0.8671,137,158
fru-M-000336,SMP_R,0.8292,364,439
fru-M-000343,FB,0.9457,174,184
fru-M-000346,GNG,1.0000,507,507
fru-M-000347,ME_R,0.8560,333,389
fru-M-000349,GNG,0.8675,648,747
fru-M-000351,FB,0.9011,164,182
fru-M-000352,ME_R,0.9428,445,472
fru-M-000358,ME_L,0.9529,243,255
fru-M-000362,ME_R,0.8962,423,472
fru-M-000372,ME_L,0.8203,178,217
fru-M-100000,FB,0.9375,165,176
fru-M-100046,SMP_L,0.8185,406,496
fru-M-100057,AL_L,0.8319,94,113
fru-M-100061,ME_R,0.8607,173,201
fru-M-100065,ME_L,0.8763,255,291
fru-M-100080,FB,0.9732,145,149
fru-M-100093,ME_L,0.9783,316,323
fru-M-100108,ME_L,0.8275,211,255
fru-M-100115,FB,0.8571,126,147
fru-M-100144,ME_L,0.8179,795,972
fru-M-100147,SMP_R,0.8153,331,406
fru-M-100150,ME_L,0.9689,187,193
fru-M-100162,AVLP_R,0.9916,118,119
fru-M-100166,LOP_R,0.8178,561,686
fru-M-100176,FB,0.9797,193,197
fru-M-100188,SMP_L,0.8229,395,480
fru-M-100190,ME_R,0.9331,307,329
fru-M-100194,GNG,0.9266,606,654
fru-M-100213,SMP_L,0.8605,654,760
fru-M-100216,ME_R,0.9087,388,427
fru-M-100217,FB,0.9116,196,215
fru-M-100225,SMP_R,0.8174,470,575
fru-M-100238,IPS_R,0.8295,146,176
fru-M-100253,SMP_L,0.8220,434,528
fru-M-100255,SMP_R,0.8551,413,483
fru-M-100266,AVLP_L,1.0000,122,122
fru-M-100277,SMP_R,0.8469,747,882
fru-M-100288,FB,0.9299,199,214
fru-M-100300,LO_L,0.9981,532,533
fru-M-100315,AVLP_R,1.0000,31,31
fru-M-100317,FB,0.8069,163,202
fru-M-100319,AVLP_L,0.9763,206,211
fru-M-100326,SMP_L,0.8538,508,595
fru-M-100328,ME_L,0.8226,218,265
fru-M-100362,ME_R,0.8902,365,410
fru-M-100378,SMP_R,0.8140,302,371
fru-M-100381,FB,0.9252,136,147
fru-M-100383,ME_L,0.9342,426,456
fru-M-200007,ME_L,0.8520,852,1000
fru-M-200008,ME_R,0.8346,217,260
fru-M-200011,ME_R,0.9246,282,305
fru-M-200013,GNG,0.9163,427,466
fru-M-200014,LO_R,0.8808,170,193
fru-M-200021,SMP_R,0.8484,347,409
fru-M-200026,FB,0.9634,237,246
fru-M-200029,FB,0.9732,145,149
fru-M-200031,FB,0.9556,215,225
fru-M-200035,FB,0.8947,153,171
fru-M-200038,AL_L,0.9583,69,72
fru-M-200049,ME_L,0.9538,165,173
fru-M-200067,FB,0.9308,148,159
fru-M-200070,FB,0.8407,153,182
fru-M-200079,LO_L,1.0000,101,101
fru-M-200081,ME_L,0.9793,284,290
fru-M-200082,ME_L,0.8619,206,239
fru-M-200083,ME_L,0.8875,347,391
fru-M-200088,ME_L,0.8006,558,697
fru-M-200091,ME_R,0.8722,689,790
fru-M-200097,FB,0.9127,115,126
fru-M-200100,FB,0.8099,115,142
fru-M-200120,LO_R,0.8301,127,153
fru-M-200135,ME_R,0.8310,295,355
fru-M-200146,FB,0.8571,126,147
fru-M-200189,FB,0.8077,105,130
fru-M-200196,FB,0.8564,161,188
fru-M-200208,ME_R,1.0000,62,62
fru-M-200223,FB,0.8587,158,184
fru-M-200233,LO_L,0.8522,173,203
fru-M-200243,ME_L,0.8333,195,234
fru-M-200248,ME_R,0.8232,340,413
fru-M-200249,ME_R,0.8895,797,896
fru-M-200253,LH_R,0.8812,445,505
fru-M-200258,FB,0.9574,135,141
fru-M-200263,LO_L,1.0000,136,136
fru-M-200264,ME_L,0.9178,391,426
fru-M-200272,ME_R,0.8114,400,493
fru-M-200289,LOP_L,0.8265,581,703
fru-M-200301,ME_R,0.8794,175,199
fru-M-200303,ME_L,0.8638,222,257
fru-M-200311,FB,0.9189,136,148
fru-M-200313,SMP_L,0.9860,633,642
fru-M-200315,SMP_R,0.9810,412,420
fru-M-200316,ME_R,0.8754,281,321
fru-M-200322,FB,0.9073,137,151
fru-M-200323,ME_L,0.8611,217,252
fru-M-200331,ME_R,0.8425,246,292
fru-M-200361,ME_L,0.8506,723,850
fru-M-200363,PB,0.9745,153,157
fru-M-200366,ME_R,0.8044,292,363
fru-M-200378,ME_L,0.8299,478,576
fru-M-200391,AL_L,0.9529,930,976
fru-M-200401,ME_R,0.8598,282,328
fru-M-200414,SMP_R,0.9633,315,327
fru-M-200415,ME_R,0.8480,424,500
fru-M-200417,SMP_R,0.8730,440,504
fru-M-200418,ME_R,0.8280,361,436
fru-M-200423,AVLP_L,0.8034,335,417
fru-M-200424,ME_R,0.9057,1547,1708
fru-M-200430,LO_R,0.9902,2013,2033
fru-M-200437,ME_L,0.8992,214,238
fru-M-200442,SMP_R,0.8437,475,563
fru-M-200446,SMP_L,0.8147,453,556
fru-M-200447,FB,0.9202,150,163
fru-M-200452,SMP_R,1.0000,313,313
fru-M-200454,ME_L,0.8920,1305,1463
fru-M-200468,GNG,0.8203,356,434
fru-M-200469,FB,0.9487,185,195
fru-M-200471,FB,0.8966,130,145
fru-M-200482,FB,0.8392,120,143
fru-M-300001,ME_L,0.8313,207,249
fru-M-300009,LO_L,0.8929,100,112
fru-M-300012,FB,0.9270,127,137
fru-M-300051,FB,0.9125,146,160
fru-M-300061,FB,0.8354,132,158
fru-M-300079,LO_L,0.9510,233,245
fru-M-300083,ME_R,0.8103,581,717
fru-M-300085,ME_L,0.8633,120,139
fru-M-300090,ME_L,0.8395,204,243
fru-M-300095,SMP_L,0.8073,486,602
fru-M-300106,ME_R,0.9048,152,168
fru-M-300110,FB,0.8924,141,158
fru-M-300123,SMP_L,0.8103,252,311
fru-M-300132,FB,0.8993,125,139
fru-M-300140,FB,0.9319,178,191
fru-M-300141,ME_R,0.8894,185,208
fru-M-300146,ME_L,0.9113,226,248
fru-M-300153,LOP_L,0.8770,706,805
fru-M-300162,LO_L,1.0000,15,15
fru-M-300163,ME_L,1.0000,88,88
fru-M-300170,ME_L,0.8457,285,337
fru-M-300208,SMP_L,0.8122,532,655
fru-M-300218,ME_L,1.0000,90,90
fru-M-300219,IPS_R,0.8079,164,203
fru-M-300237,ME_R,0.9157,326,356
fru-M-300240,ME_R,0.8827,926,1049
fru-M-300253,PLP_L,0.9750,39,40
fru-M-300261,ME_L,0.8525,370,434
fru-M-300268,SMP_L,0.9637,505,524
fru-M-300272,FB,0.9553,171,179
fru-M-300276,ME_L,0.9016,394,437
fru-M-300277,ME_L,0.8929,400,448
fru-M-300289,GNG,1.0000,434,434
fru-M-300291,PLP_R,0.9000,108,120
fru-M-300295,FB,0.9764,290,297
fru-M-300301,LOP_R,0.8358,453,542
fru-M-300312,LO_R,0.8229,237,288
fru-M-300322,SMP_L,0.8416,643,764
fru-M-300334,ME_L,0.8491,377,444
fru-M-300341,FB,0.9431,232,246
fru-M-300354,SMP_R,0.8648,582,673
fru-M-300358,FB,0.8232,135,164
fru-M-300361,SMP_R,0.8081,615,761
fru-M-300372,FB,0.9064,155,171
fru-M-300375,ME_L,0.8604,228,265
fru-M-300378,ME_R,1.0000,101,101
fru-M-300380,ME_R,0.8308,162,195
fru-M-300388,ME_R,0.8341,191,229
fru-M-300397,ME_L,0.8511,80,94
fru-M-300403,ME_L,0.8827,286,324
fru-M-300405,FB,0.8293,136,164
fru-M-300411,GNG,0.8015,331,413
fru-M-300424,GNG,0.8892,281,316
fru-M-300430,FB,0.9028,130,144
fru-M-300437,ME_R,0.8271,177,214
fru-M-300438,GNG,0.8338,326,391
fru-M-300440,SMP_L,0.8544,487,570
fru-M-300449,FB,0.8169,116,142
fru-M-300458,FB,0.8230,200,243
fru-M-400002,FB,0.9262,113,122
fru-M-400017,FB,0.8730,110,126
fru-M-400022,LOP_L,1.0000,43,43
fru-M-400025,LO_R,0.9126,94,103
fru-M-400028,LO_R,1.0000,15,15
fru-M-400029,LO_R,0.9403,63,67
fru-M-400032,FB,0.8482,95,112
fru-M-400034,FB,0.9542,146,153
fru-M-400035,SMP_R,0.8544,452,529
fru-M-400043,AVLP_L,0.9175,89,97
fru-M-400059,ME_R,1.0000,119,119
fru-M-400081,SMP_R,0.8156,314,385
fru-M-400082,SMP_L,0.9877,322,326
fru-M-400092,LO_R,0.9930,142,143
fru-M-400106,ME_R,0.8011,145,181
fru-M-400112,FB,0.8660,84,97
fru-M-400118,FB,0.8378,124,148
fru-M-400161,ME_L,0.9060,376,415
fru-M-400172,FB,0.9521,159,167
fru-M-400182,ME_R,1.0000,92,92
fru-M-400206,ME_L,0.8952,205,229
fru-M-400219,FB,0.9257,162,175
fru-M-400221,FB,0.8141,127,156
fru-M-400225,FB,0.9542,250,262
fru-M-400232,LOP_L,0.8678,630,726
fru-M-400262,SMP_L,0.8494,519,611
fru-M-400270,FB,0.8921,124,139
fru-M-400333,FB,0.8889,152,171
fru-M-400339,FB,0.8102,111,137
fru-M-400352,GNG,0.8754,260,297
fru-M-400356,FB,0.9840,123,125
fru-M-400378,GNG,0.8366,906,1083
fru-M-400382,FB,0.8728,151,173
fru-M-400390,FB,0.8357,117,140
fru-M-500014,ME_L,0.8670,189,218
fru-M-500017,ME_R,0.9005,181,201
fru-M-500023,ME_L,1.0000,13,13
fru-M-500031,FB,0.8480,106,125
fru-M-500034,SMP_R,0.8559,303,354
fru-M-500054,ME_L,0.8249,212,257
fru-M-500067,FB,0.8690,146,168
fru-M-500071,LO_R,0.9630,26,27
fru-M-500076,LOP_L,0.8488,494,582
fru-M-500078,LO_L,0.9583,92,96
fru-M-500081,ME_R,0.8947,391,437
fru-M-500091,FB,0.8244,108,131
fru-M-500105,SMP_L,0.8190,439,536
fru-M-500116,FB,0.8254,156,189
fru-M-500119,FB,0.8562,125,146
fru-M-500130,FB,0.8655,103,119
fru-M-500141,FB,0.8559,95,111
fru-M-500150,FB,0.8233,177,215
fru-M-500161,FB,0.8792,131,149
fru-M-500163,SMP_R,0.8221,439,534
fru-M-500164,AVLP_L,0.8458,340,402
fru-M-500168,FB,0.8014,113,141
fru-M-500173,FB,0.8271,110,133
fru-M-500177,ME_L,1.0000,35,35
fru-M-500199,FB,0.8681,158,182
fru-M-500215,FB,0.8012,133,166
fru-M-500216,SMP_L,0.9233,349,378
fru-M-500218,ME_L,0.8811,326,370
fru-M-500220,SMP_R,0.9879,327,331
fru-M-500222,SMP_L,0.8336,536,643
fru-M-500237,FB,0.8451,180,213
fru-M-500239,SMP_R,0.8373,463,553
fru-M-500240,FB,0.8037,86,107
fru-M-500258,FB,0.9396,171,182
fru-M-500281,FB,0.8121,134,165
fru-M-500285,FB,0.8173,161,197
fru-M-500298,FB,0.8433,113,134
fru-M-500317,FB,0.8784,130,148
fru-M-500321,FB,0.8177,157,192
fru-M-500344,SMP_L,0.8473,416,491
fru-M-500345,FB,0.8025,126,157
fru-M-500348,FB,0.8527,110,129
fru-M-500351,LO_L,0.8092,123,152
fru-M-500354,LO_R,0.9141,181,198
fru-M-500367,FB,0.8154,106,130
fru-M-500369,AVLP_L,0.8560,107,125
fru-M-500376,ME_L,0.8045,251,312
fru-M-600004,FB,0.8720,109,125
fru-M-600006,ME_R,0.8457,148,175
fru-M-600019,ME_L,0.9540,166,174
fru-M-600020,ME_L,0.8308,162,195
fru-M-600030,ME_L,0.9854,404,410
fru-M-600038,ME_L,0.9668,349,361
fru-M-600049,FB,0.8525,104,122
fru-M-600065,LO_R,1.0000,124,124
fru-M-600073,GNG,1.0000,689,689
fru-M-600082,SMP_R,0.8280,337,407
fru-M-600085,FB,0.8580,139,162
fru-M-600087,SMP_R,0.8166,334,409
fru-M-600088,FB,0.8897,129,145
fru-M-600106,FB,0.8777,165,188
fru-M-600113,FB,0.8836,167,189
fru-M-600123,SMP_L,0.9561,218,228
fru-M-600128,SMP_R,0.8814,223,253
fru-M-600138,FB,0.9244,159,172
fru-M-600140,ME_L,0.8701,442,508
fru-M-600141,AVLP_L,0.8611,155,180
fru-M-600143,FB,0.8603,154,179
fru-M-600145,FB,0.9099,101,111
fru-M-600147,AVLP_L,0.9328,111,119
fru-M-600149,FB,0.8653,167,193
fru-M-600154,FB,0.9655,168,174
fru-M-600156,LO_L,0.8188,226,276
fru-M-600163,SMP_R,0.9979,474,475
fru-M-600169,FB,0.8333,140,168
fru-M-600170,FB,0.8086,131,162
fru-M-600174,ME_R,0.8349,359,430
fru-M-600176,FB,0.8973,166,185
fru-M-600180,FB,0.9474,198,209
fru-M-600181,FB,0.9294,158,170
fru-M-600182,ME_L,0.8287,208,251
fru-M-600195,FB,0.8639,127,147
fru-M-600211,SMP_L,0.8333,520,624
fru-M-600214,ME_R,0.8724,253,290
fru-M-700007,SMP_L,0.9444,289,306
fru-M-700008,SMP_R,0.9826,226,230
fru-M-700009,FB,0.8430,145,172
fru-M-700011,FB,0.8831,136,154
fru-M-700019,FB,0.9111,123,135
fru-M-700052,LH_R,0.8295,146,176
fru-M-700055,ME_R,0.9062,145,160
fru-M-700057,FB,0.8382,114,136
fru-M-700060,ME_L,0.9693,411,424
fru-M-700071,FB,0.8739,104,119
fru-M-700074,ME_R,0.8905,179,201
fru-M-700077,FB,0.9497,170,179
fru-M-700080,ME_L,0.8797,212,241
fru-M-700082,ME_L,0.8829,294,333
fru-M-700090,ME_R,0.9046,332,367
fru-M-700092,FB,0.8728,151,173
fru-M-700106,FB,0.8758,141,161
fru-M-700107,ME_L,0.8095,102,126
fru-M-700111,AVLP_R,1.0000,93,93
fru-M-700114,ME_L,0.8588,377,439
fru-M-700118,ME_L,1.0000,85,85
fru-M-700119,ME_L,0.8083,97,120
fru-M-700122,ME_L,0.9173,233,254
fru-M-700125,FB,0.8354,132,158
fru-M-700129,ME_R,0.9164,252,275
fru-M-700134,SMP_R,0.9847,385,391
fru-M-700137,ME_L,0.8326,199,239
fru-M-700143,FB,0.9279,193,208
fru-M-700145,FB,0.9185,169,184
fru-M-700149,FB,0.9512,195,205
fru-M-700155,FB,0.8343,151,181
fru-M-700159,ME_L,0.9640,429,445
fru-M-700164,LH_R,0.8387,182,217
fru-M-700166,FB,0.8634,139,161
fru-M-700168,LOP_L,0.8755,408,466
fru-M-700170,ME_L,0.9055,230,254
fru-M-700171,ME_L,0.9125,417,457
fru-M-700177,SMP_L,0.8145,584,717
fru-M-700180,ME_R,0.9154,303,331
fru-M-700185,ME_R,0.8286,174,210
fru-M-700189,FB,0.8301,127,153
fru-M-700190,ME_L,0.9056,489,540
fru-M-700199,SMP_R,0.8498,566,666
fru-M-700219,FB,0.8914,156,175
fru-M-700224,ME_R,0.8377,413,493
fru-M-700228,LOP_R,0.8058,83,103
fru-M-700233,FB,0.8742,132,151
fru-M-700244,FB,0.8452,142,168
fru-M-700245,FB,0.8108,90,111
fru-M-700253,ME_R,0.8797,307,349
fru-M-700256,ME_L,0.8840,358,405
fru-M-700264,AVLP_L,0.9945,364,366
fru-M-700268,AVLP_L,0.8211,234,285
fru-M-700272,FB,0.8910,139,156
fru-M-700280,FB,0.8485,112,132
fru-M-700286,LO_L,0.9867,74,75
fru-M-700292,ME_L,0.9486,590,622
fru-M-700294,FB,0.8389,151,180
fru-M-700297,FB,0.9433,183,194
fru-M-700299,ME_L,0.8081,219,271
fru-M-800000,SMP_R,0.8111,249,307
fru-M-800010,LO_R,0.9695,159,164
fru-M-800022,ME_R,0.8849,323,365
fru-M-800034,FB,0.9496,132,139
fru-M-800042,FB,0.9011,164,182
fru-M-800043,AVLP_L,0.9206,290,315
fru-M-800045,ME_L,0.9588,233,243
fru-M-800067,ME_L,0.8679,322,371
fru-M-800071,ME_R,0.8723,239,274
fru-M-800074,AVLP_R,1.0000,65,65
fru-M-800075,FB,0.9286,156,168
fru-M-800084,ME_L,0.8380,181,216
fru-M-800096,FB,0.9372,209,223
fru-M-800098,SMP_R,0.9755,318,326
fru-M-800100,FB,0.8617,162,188
fru-M-800109,GNG,0.8177,489,598
fru-M-800111,FB,0.9482,293,309
fru-M-800117,FB,0.8113,86,106
fru-M-800123,FB,0.9121,166,182
fru-M-800130,AVLP_L,0.8235,14,17
fru-M-800131,ME_L,0.9333,42,45
fru-M-800133,FB,0.8266,143,173
fru-M-800140,FB,0.9259,175,189
fru-M-800146,FB,0.9320,96,103
fru-M-800153,FB,0.8956,163,182
fru-M-800158,FB,0.8309,113,136
fru-M-800159,SMP_R,0.8417,351,417
fru-M-800161,LO_R,0.8496,887,1044
fru-M-800164,ME_R,0.8315,957,1151
fru-M-800166,MB_CA_R,0.8678,105,121
fru-M-800171,SMP_L,0.9298,278,299
fru-M-800181,LO_L,0.8994,143,159
fru-M-800187,ME_L,0.9335,295,316
fru-M-800188,ME_L,0.9293,368,396
fru-M-800194,ME_R,0.9219,1180,1280
fru-M-800197,ME_R,0.8632,265,307
fru-M-900006,ME_L,0.8229,223,271
fru-M-900008,ME_L,0.9356,247,264
fru-M-900009,ME_L,0.8969,322,359
fru-M-900010,ME_L,0.8228,130,158
fru-M-900011,LO_R,0.9345,157,168
fru-M-900019,FB,0.8414,122,145
fru-M-900031,ME_R,0.8757,155,177
fru-M-900042,FB,0.8367,164,196
fru-M-900044,AVLP_L,0.8587,237,276
fru-M-900048,ME_L,0.8844,1201,1358
fru-M-900068,ME_L,0.8696,340,391
fru-M-900073,SMP_R,0.8613,329,382
fru-M-900077,GNG,0.8741,250,286
fru-M-900079,GNG,0.9933,589,593
fru-M-900081,ME_L,0.9413,385,409
fru-M-900091,ME_L,0.8047,173,215
fru-M-900093,ME_R,0.8213,216,263
fru-M-900100,ME_L,0.8975,359,400
fru-M-900108,ME_R,0.8672,222,256
npf-F-100005,FB,0.9226,155,168
npf-F-200002,FB,0.8200,123,150
npf-F-200004,FB,0.8353,142,170
npf-F-200006,FB,0.9040,179,198
npf-F-200010,FB,0.8324,149,179
npf-F-200014,FB,0.8089,127,157
npf-F-200015,FB,0.8188,122,149
npf-F-200016,FB,0.8171,143,175
npf-F-200017,AL_R,0.8315,997,1199
npf-F-200024,FB,0.8579,163,190
npf-F-200033,FB,0.8303,137,165
npf-F-200036,FB,0.8154,106,130
npf-F-200037,FB,0.8650,141,163
npf-F-200038,FB,0.8065,100,124
npf-F-200040,FB,0.8079,122,151
npf-F-300000,FB,0.8364,92,110
npf-F-300002,FB,0.8365,133,159
npf-F-300015,AVLP_R,0.8993,241,268
npf-F-300016,AVLP_L,0.9402,110,117
npf-F-300017,AVLP_R,1.0000,302,302
npf-F-300018,FB,0.8571,114,133
npf-F-300019,AVLP_R,1.0000,281,281
npf-F-300022,AVLP_L,1.0000,168,168
npf-F-300023,AVLP_R,1.0000,214,214
npf-F-300028,FB,0.8026,122,152
npf-F-300031,FB,0.8618,106,123
npf-F-300034,AVLP_L,0.9321,151,162
npf-F-300035,FB,0.8756,176,201
npf-F-300038,FB,0.9244,159,172
npf-F-300039,FB,0.8199,173,211
npf-F-300043,AVLP_R,1.0000,250,250
npf-F-300048,FB,0.8654,135,156
npf-F-300049,FB,0.8424,139,165
npf-F-300050,FB,0.8580,139,162
npf-F-400005,FB,0.9469,107,113
npf-F-400006,FB,0.9083,109,120
npf-F-400007,AVLP_L,0.9884,171,173
npf-F-400013,AVLP_L,1.0000,285,285
npf-F-400014,FB,0.8077,147,182
npf-F-400015,AVLP_L,0.9741,339,348
npf-F-500001,AVLP_L,0.9608,196,204
npf-F-500007,PLP_R,1.0000,39,39
npf-F-700000,FB,0.8406,116,138
npf-F-800002,FB,0.8913,123,138
npf-F-800005,FB,0.8235,140,170
npf-M-100023,FB,0.8471,133,157
npf-M-200006,FB,0.8242,150,182
npf-M-200008,FB,0.8051,95,118
npf-M-200009,FB,0.9231,132,143
npf-M-200013,FB,0.8909,147,165
npf-M-200014,FB,0.8692,113,130
npf-M-200033,FB,0.8976,184,205
npf-M-200041,FB,0.8452,202,239
npf-M-200058,FB,0.8162,151,185
npf-M-300004,FB,0.8938,101,113
npf-M-300005,FB,0.8047,103,128
npf-M-300007,AVLP_R,0.9324,193,207
npf-M-300009,FB,0.8166,138,169
npf-M-300010,FB,0.8993,134,149
npf-M-300012,AVLP_R,0.8750,133,152
npf-M-300013,AVLP_R,0.9322,330,354
npf-M-300014,AVLP_L,1.0000,287,287
npf-M-300020,FB,0.9173,122,133
npf-M-300025,FB,0.8478,156,184
npf-M-300026,FB,0.8315,148,178
npf-M-300029,FB,0.8178,175,214
npf-M-300033,FB,0.9217,153,166
npf-M-300034,AVLP_L,0.9838,546,555
npf-M-300038,FB,0.8912,172,193
npf-M-300043,AVLP_R,0.8276,216,261
npf-M-300044,FB,0.8221,171,208
npf-M-400002,FB,0.8405,137,163
npf-M-400003,FB,0.8556,160,187
npf-M-400009,FB,0.8495,79,93
npf-M-400011,IPS_R,0.8636,57,66
npf-M-400012,AVLP_R,0.8685,251,289
npf-M-400015,AVLP_R,0.9318,355,381
npf-M-500000,FB,0.8444,152,180
npf-M-500001,FB,0.8908,204,229
npf-M-600000,FB,0.8250,132,160
npf-M-600002,FB,0.8545,141,165
npf-M-600003,FB,0.8788,87,99
npf-M-600004,FB,0.8513,166,195
npf-M-600005,FB,0.8588,146,170
npf-M-700000,FB,0.9726,71,73
npf-M-800004,FB,0.8542,164,192
npf-M-900001,FB,0.8552,124,145
npf-M-900003,FB,0.8654,135,156
npf-M-900005,FB,0.8895,153,172
